major_group_id,major_group_name,major_id,major_name,major_description,score_codes
1,Kế toán - Kiểm toán,910,Quản trị tài chính kế toán,Quản trị tài chính kế toán,D404;7340101_02
1,Kế toán - Kiểm toán,1,Kế toán,"Tài chính và Kế toán (BFA); Kế toán; Kế toán doanh nghiệp; Kế toán gồm 02 chuyên ngành: Kế toán; Thuế; Tài chính - Kế toán; Kế toán (Chương trình tiên tiến); Kế toán (dạy bằng tiếng Anh); Kế toán (Chuyên ngành: Kế toán công, Kế toán doanh nghiệp, Kế toán tin); Kế toán (Chương trình chất lượng cao Kế toán tổng hợp Việt - Anh); Chương trình Kế toán tích hợp chứng chỉ nghề nghiệp quốc tế (của tố chức nghề nghiệp ICAEW và ACCA); Kế toán công; Kế toán (Tích hợp chứng chi quốc tế ICAEW- Tiếng Anh); Kế toán (Tích hợp CCQT ICAEW - Tiếng Anh); Kế toán (Chương trình liên kết với ĐH Macquarie) (2+1); Kế Toán (Tiếng Anh bán phần); Kế toán (Chương trình đặc biệt); Kế toán (CT chất lượng cao); Kế toán Chất lượng cao; Kế toán tài chính (ngành Kế toán); Kế toán kiểm toán (ngành Kế toán); Kế toán doanh nghiệp (theo định hướng ACCA); Kế toán (chương trình chất lượng cao); Kế toán CLC; Kế toán (Chương trình CLC); Kế toán (PHGL); Kế toán & Luật; Kế toán (PHNT); Kế toán tích hợp chứng chỉ quốc tế Advanced Diploma in Accounting & Business của Hiệp hội Kế toán công chứng Anh (ACCA); Kế toán (Đào tạo bằng Tiếng Anh); Kế toán (ACCA cấp Chứng chỉ Lập báo cáo tài chính quốc tế); Kế toán (Tiếng Việt); Kế toán (đào tạo bằng tiếng Việt); Kế toán (Liên kết với ĐH Sunderland, Anh quốc. Cấp song bang); Kế toán (Liên kết với ĐH Sunderland, Anh quốc, cấp song bằng); Kế toán (Chuyên ngành Kế toán quốc tế) - Chương trình dự bị đại học bằng tiếng Anh; Kế toán (song bằng 3+1) - Chương trình dự bị liên kết Đại học West of England. Bristol (Vương Quốc Anh); Kế toán (song bằng 3+1) - Chương trình dự bị liên kết Đại học West of England, Bristol (Vương quốc Anh); Kế toán tích hợp CCQT (ACT-ICAEW); Kế toán tích hợp chứng chỉ quốc tế (ICAEW CFAB); Kế toán - Chất lượng cao; Kế toán (Chuyên ngành Kế toán quốc tế) - Chương trình đại học bằng tiếng Anh; Kế toán doanh nghiệp (học tại Vĩnh Phúc); Kế toán (song bằng 3+1) - Chương trình liên kết Đại học West of England. Bristol (Vương quốc Anh); Chương trình tiêu chuẩn Kế toán - Kiểm toán; Chương trình ĐHNNQT Kế toán - Kiểm toán theo định hướng ACCA; Kế toán - Chương trình học tại Phân hiệu Khánh Hòa; Ngành Kế toán  Ngành Tài chính - Ngân hàng; Ngành Tài chính - Ngân hàng Ngành Kế toán  Ngành Kinh doanh quốc tế  Ngành Marketing; Kế toán, Phân tích và Kiểm toán; Kế toán (Kế toán doanh nghiệp); Kế toán (Kế toán tích họp chứng chỉ quốc tế ICAEW CFAB - chương trình định hướng chuyên sâu nghề nghiệp quốc tế - IPOP); Kế toán (Kế toán tích hợp chứng chỉ quốc tế ICAEW CFAB - Chương trình định hướng chuyên sâu nghề nghiệp quốc tế -IPOP); Kế toán (Kế toán công); Kế toán - Kiểm soát - Kiểm toán (Chưong trình liên kết đào tạo với Trường Đại học Toulon, Cộng hòa Pháp); Kế toán công (Theo định hướng ACCA); Kế toán doanh nghiệp (theo định hướng ACCA); Kế toán doanh nghiệp (theo định hướng ACCA), phân hiệu TP. HCM; Kế toán doanh nghiệp; Ke toán công; Kế toán doanh nghiệp; Kế toán công; Kế toán quản trị và Kiểm soát quản lý (Theo định hướng CMA); Kế toán doanh nghiệp",7340301;7340301DKD;7340301DKK;7340301DL;7340301G;7340301N;7340301PH;7340301_405;7340301_TABP;7340301_TH;ACT02;EM4;FBE2;N7340301;TLA403;F7340301;7340301TN;7340301_CLC;7340301QT;7340301CLC;ACT01;7340301A;7340301_MQ;FA7340301;D7340301;7340301C;7340301TA;7340301V;ACT03;DK7340301;K7340301;7340301_405E;7340301V;EP04;7340301Q;NTH03;NTS02;7340301_01;7340301C1;QHQ02;7340301_02;7340301_03;GTADCKTI;GTADCKT1;7340301C21;7340301KL;7340301KL;KTKH1.1;KTKS1.1;KTKQ1.1;KTKH2.1;7340301C2;7340202;HVN08_QT;HVN08;7340301TOULON;7340301QT02.03;7340301QT02.01;7340301QT02.01PH;7340301;7340301_HL;7340301QT02.02;IU02;AP02;7340301_TT1;GTADCKT2;TM12;TM13;TM14;7340301TOULON;7340301.2;7340405.2;7340405;7340301_CLC;7340301_QT;7480103_A;DTV-7340301-01;7340301_1;7340301C3;CN1-7340301;TLS403;TLA411;7340301S;7340301BP;7340301_04;GTADCKT2;7340301_20;7340301_Hue;NTH.KE.H16_1;NTH.KE.H16_2;NTH.KE.H16_3;NTH.KE.S28;NTH.KK.Q29_1;405;405E;422;HVN08;TT1-01;EM-E17;HC02.01QT;HC02.02QT;HC02.03QT;HC02.13;ACT06;NT.KE.H16_1;NT.KE.H16_2;NT.KE.S28;NT.KK.Q29_1;TM47;HC0203QT;HC0202QT;HC0214;HS0201QT;HY0213;HC0201QT;GHA05;GHA06;GHA06QT;GSA05;DS7340301;A1KD;A1KH;EM-E17_A01;EM-E17_D01;NTHKE16;NTHKE16_DHNN;NTHKK23_KT;7340301-DN;7340301CL
1,Kế toán - Kiểm toán,2,Kiểm toán,"Kế toán kiểm toán (ngành Kế toán); Kiểm toán (theo định hướng ICAEW); Kiểm toán; Kiểm toán (ngành mới); Kiểm toán gồm 02 chuyên ngành: Kiểm toán; Phân tích kinh doanh.; Kiểm toán (Chuyên ngành: Kiểm toán); Kiểm toán (CT chất lượng cao); Kiểm toán Chất lượng cao; Kiểm toán tích hợp chứng chỉ quốc tế CFAB của Viện Kế toán Công chứng Anh và xứ Wales (ICAEW); Kiểm toán tích hợp CCQT (AUD-ICAEW); Kiểm toán tích hợp chứng chỉ quốc tế (ICAEW CFAB); Chương trình tiêu chuẩn Kế toán - Kiểm toán; Chương trình ĐHNNQT Kế toán - Kiểm toán theo định hướng ACCA; Kiểm toán (Kiểm toán); Kế toán - Kiểm soát - Kiểm toán (Chưong trình liên kết đào tạo với Trường Đại học Toulon, Cộng hòa Pháp); Kế toán quản trị và Kiểm soát quản lý (Theo định hướng CMA); Kiểm toán (theo định hướng ICAEW CFAB); Kiểm toán (theo định hướng ICAEW CFAB), phân hiệu TP. HCM; Kiểm toán tích hợp chứng chỉ ACCA",7340302;7340302DKD;7340302DKK;7340302_409;ACT04;TLA409;7340302C;TM15;TM16;7340301C22;EP12;7340302Q;KTKH1.1;KTKS1.1;KTKQ1.1;KTKH2.1;7340301C2;7340301TOULON;7340301QT02.02;7340302_HL;7340302QT10.01;7340302QT10.01PH;7340302_CLC3;7340302.2;7340302S;7340302_TH;409;CLC3-08;EP21;HC10.01;HC10.01QT;HS10.01QT;ACT05;NT.KE.H16_3;HC1001QT;HC1001;HS1001QT;HY1001;NTHKE16;NTHKE16_DHNN;NTHKE16_DHNNQT;NTHKK23_KT;NTSKE06
2,Tài chính - Ngân hàng - Bảo hiểm,904,Kinh tế và quản lý bất động sản,Kinh tế và quản lý bất động sản,GTADCKB2
2,Tài chính - Ngân hàng - Bảo hiểm,3,Tài chính,Tài chính doanh nghiệp (theo định hướng ACCA); Tài chính và Đầu tư (BFI)/ngành TC-NH; Kế hoạch tài chính; Quản trị kinh doanh; Tài chính; Quản trị Kinh doanh quốc tế; Kinh tế phát triển; Ngân hàng; Công nghệ thông tin và chuyển đổi số; Bảo hiểm tích hợp chứng chỉ ANZ1IF; Tài chính doanh nghiệp,TM24;TM25;TM26;TM27;7340201QT01.11;EP10;7340201_TT2;IU02;AP02;7340201_TT1;7340201_CLC3;7340201;7340201C;TLA408;7340201_404;7340201_404E;7340405;7340405.2;FIN01;FIN02;FIN04;7340201_02;DK7340201X;K7340201X;7340201-TA;7340201-TA;7340201_05;TT2-01
2,Tài chính - Ngân hàng - Bảo hiểm,4,Ngân hàng,"Tài chính công; Ngân hàng; Thuế; Ngân hàng (Chương trình Chất lượng cao); Ngân hàng số; Ngân hàng và Tài chính quốc tế (Liên kết với ĐH Coventry, Anh quốc. Cấp song bằng); Ngân hàng và Tài chính quốc tế (Liên kết với ĐH Covcntry, Anh quốc, cấp song băng); Ngân hàng và Tài chính quốc tế (Chương trình Chất lượng cao); Chương trình tiêu chuẩn Ngân hàng; Chương trình CLC Ngân hàng và Tài chính quốc tế; Ngân hàng trung ương và chính sách công (Chương trình Chất lượng cao); Ngân hàng (Theo định hướng ICAEW CFAB); Kinh tế phát triển; Ngân hàng; Công nghệ thông tin và chuyển đổi số; Bảo hiểm tích hợp chứng chỉ ANZ1IF; Thuế",7340201_01;7340201_03;BANK02;BANK01;TCHH1.2;BANK03;TCHH2.1;TCHS2.1;BANK06;BANK05;BANK07;7340201QT01.15;7340201;7340201DKD;7340201DKK;7340201_404;7340201_TH;EM5;FBE3;TLA408;F7340201;FA7340201;D7340201;7340201C;BANK04;7340201_404E;TCHH4.1;7340201DL;7340201_TABP;NTS02;NTH03;73402011;73402012;73402013;7340201TL;D411;7340201QT01.19;73402011;73402011_HL;73402012;73402012_HL;73402013;73402013_HL;7340201_CLC1;7340201TOULON;CLC1-02;HC01.15QT;NTHTC15_CLC;NTHTC15;NTHTC14;NTSTC05_CLC;NTSTC05
2,Tài chính - Ngân hàng - Bảo hiểm,5,Tài chính - Ngân hàng,"Tài chính - Ngân hàng; Tài chính ngân hàng; Tài chính – Ngân hàng; Tài chính - Ngân hàng (02 chuyên ngành: Tài chính - Ngân hàng; Công nghệ tài chính); Tài chính ngân hàng (Chuyên ngành Tài chính doanh nghiệp; chuyên ngành Ngân hàng thương mại); Tài chính ngân hàng gồm 02 chuyên ngành: Ngân hàng; Tài chính; Tài chính-Ngân hàng; Tài chính - Ngân hàng (dạy bằng tiêng Anh); Tài chính - Ngân hàng (Chuyên ngành: Tài chính doanh nghiệp; Thuế; Ngân hàng; Thẩm định giá); Tài chính - Ngân hàng (Tiếng Anh); Tài chính ngân hàng (Tiếng Anh bán phần); Tài chính - Ngân hàng 1; Tài chính - Ngân hàng 2; Tài chính - Ngân hàng 3; Tài chính - Ngân hàng (CTCLC); Tài chính-Ngân hàng (CT chất lượng cao); Tài chính – Ngân hàng Chất lượng cao; Tài chính ngân hàng & Luật; Tài chính-Ngân hàng (Liên kết với ĐH Sunderland, Anh quốc. Cấp song bằng); Tài chính-Ngân hàng (Liên kết với Đll Sunderland, Anh quốc, cấp song băng); Tài chính - Ngân hàng (Liên kết với ĐH Sunderland, Anh quốc. Cấp song bằng); Quản trị tài chính ngân hàng; Tài chính - Ngân hàng - Chương trình dự bị đại học bằng tiếng Anh; Tài chính - Ngân hàng - Chất lượng cao; Tài chính - Ngân hàng - Chương trình đại học bằng tiếng Anh; Ngành Kế toán  Ngành Tài chính - Ngân hàng; Ngành Tài chính - Ngân hàng Ngành Kế toán  Ngành Kinh doanh quốc tế  Ngành Marketing; Chương trình tiên tiến Tài chính - Ngân hàng; Tài chính - Ngân hàng (Tài chính - Ngân hàng thương mại); Tài chính - Ngân hàng (Tài chính - Ngân hàng thương mại - chương trình định hướng chuyên sâu nghề nghiệp quôc tế - IPOP); Tài chính - Ngân hàng (Tài chính - Ngân hàng thương mại - Chương trình định hướng chuyên sâu nghề nghiệp quốc tế -IPOP); Tài chính - Ngân hàng (Tài chính công); Tài chính - Ngân hàng (Công nghệ Tài chính ngân hàng);Đầu tư tài chính (Theo định hướng ICAEW CFAB); Tài chính - Ngân hàng 1 (CN Thuế; Hải quan và Nghiệp vụ ngoại thương; Tài chính quốc tế); Tài chính - Ngân hàng 1 (CN Thuế; Hải quan và Nghiệp vụ ngoại thương; Tài chính quốc tế); Tài chính - Ngân hàng 2 (CN Tài chính doanh nghiệp; Phân tích tài chính); Tài chính - Ngân hàng 2 (CN Tài chính doanh nghiệp; Phân tích tài chính); Tài chính - Ngân hàng 3 (CN Ngân hàng; Đầu tư tài chính); Tài chính - Ngân hàng 3 (CN Ngân hàng; Đầu tư tài chính)",7340201;7340201DKD;7340201DKK;7340201_404;7340201_TH;EM5;FBE3;TLA408;F7340201;FA7340201;D7340201;7340201_404E;TCHH4.1;7340201DL;7340201_TABP;NTS02;NTH03;73402011;73402012;73402013;7340201TL;D411;7340201QT01.19;73402011;73402011_HL;73402012;73402012_HL;73402013;73402013_HL;TCHH2.1;TCHH1.1;TCHS2.1;7340201TOULON;IU02;TM24;TM25;TM26;TM27;73402011.2;73402012.2;73402013.2;7480107_A;7340201C;7340201(HP);7340201C1;7340201C2;CN1-7340201;TLA412;7340201Q;7349001;7340201_QTSB;7340201_08;7340201S;7340201ΤΗ;7340201_TATP;7340201A;7340201_1;7340201_2;404;404E;TT1-02;HC.DDP;HC01.01;HC01.01QT;HC01.02;HC01.03;HC01.11QT;HS01.09QT;GHA05;GSA04;DS7340201;EM5_A00;EM5_D01;NTHTC14;NTHTC15;NTHTC15_CLC;NTSTC05;NTSTC05_CLC
2,Tài chính - Ngân hàng - Bảo hiểm,6,Bảo hiểm,"Phân tích rủi ro và định phí bảo hiểm; Bảo hiểm; Bảo hiểm - Tài chính; Định phí BH & Quản trị rủi ro (Actuary); Định phí Bảo hiểm & Quản trị rủi ro (Actuary); Bảo hiểm - Ngân hàng - Tài chính (Chương trình liên kết đào tạo với Trường Đại học Toulon, Cộng hòa Pháp);Kinh tế phát triển; Ngân hàng; Công nghệ thông tin và chuyển đổi số; Bảo hiểm tích hợp chứng chỉ ANZ1IF",7340204;7340204DKD;7340204DKK;7340207;EP02;7310108_02;7340201TOULON;7340204_CLC1;CLC1-04;HC08.01;HC0801
2,Tài chính - Ngân hàng - Bảo hiểm,7,Bất động sản,Bất động sản; Marketing; Bất động sản (PHGL); Thẩm định giá và kinh doanh bất động sản; Thấm định giá và kinh doanh bất động sàn (Theo định hướng ACCA); Quản lý bất động sản (Chuyên ngành thuộc ngành Quản lý xây dựng),7340116;7340116G;7340116QT09.01;7340116;7580302_1;HC0901QT;HC0901
2,Tài chính - Ngân hàng - Bảo hiểm,8,Công nghệ tài chính,"Công nghệ tài chính; Công nghệ tài chính (Fintech); Fintech (Công nghệ tài chính); Công nghệ tài chính (Chương trình dạy và học bằng tiếng Anh); Công nghệ tài chính (dạy bằng tiếng Anh); Công nghệ tài chính (Eintech); Công nghệ tài chính (Chưong trình Co-operative Education); Công nghệ tài chính (Chưong trình Co-operatìveEducation); Công nghệ tài chính (CT Co-operative Education); Công nghệ tài chính (BFT); Công nghệ tài chính (BFT)/ngành TC-NH; Công nghệ tài chính và kinh doanh số; Công nghệ tài chính (Liên kết với đại học Huddersfield, Vương Quốc Anh)",7340205;7340205_414;FBE9;FIN03;EP09;7340205_414H;7340205_LK;QHQ11;GTADCFT2;7340205_TH;1034;FIDT7;7310109_TC;7340205V;7340205S;7340205_ΤΗ;NTH.TC.H15_3;7310109_TCS;7340205_LK;414;414H;FIN05;NT.TC.H15_3;7340205C;NTHTC15_DHNN;7340205LK
2,Tài chính - Ngân hàng - Bảo hiểm,9,Thị trường chứng khoán,Thị trường chứng khoán,7340201_04
2,Tài chính - Ngân hàng - Bảo hiểm,535,Đầu tư tài chính,,7340201QT01.19;TCHH1.3;7340201_06;HC01.19QT
3,Kinh tế - Quản trị kinh doanh - Thương Mại,517,Phân tích dữ liệu kinh doanh,Phân tích dữ liệu kinh doanh: Phân tích dữ liệu kinh tế,73401012;EM-E13;EP06;QHQ05;7340201C09;7310108_419;7460108_02;KDQH4.1;EP03;IU02;419;EM-E13_A01;EM-E13_D01
3,Kinh tế - Quản trị kinh doanh - Thương Mại,519,Kinh tế đầu tư,Kinh tế đầu tư; Kinh tế Đầu tư,7310104;7310104_01;7310104QT12.01;7310104_CLC2;CLC2-01;HC12.01;HC12.01QT;HC1201QT;HC1201;FBE10
3,Kinh tế - Quản trị kinh doanh - Thương Mại,536,Quản lý tài chính công,Quản lý tài chính công,7340403;HC07.01;HC0701
3,Kinh tế - Quản trị kinh doanh - Thương Mại,537,Quản trị doanh nghiệp,Quản trị doanh nghiệp (Theo định hướng ICAEW CFAB); Quản trị doanh nghiệp; Quản trị kinh doanh du lịch,7340101;7340101QT03.01;7900101;GTADCQT2;HC03.01QT;MET;A1QD
3,Kinh tế - Quản trị kinh doanh - Thương Mại,875,Quản trị logistics,Quản trị logistics,7340101_03
3,Kinh tế - Quản trị kinh doanh - Thương Mại,901,Thống kê kinh tế,,7310107;7310107S;EP32
3,Kinh tế - Quản trị kinh doanh - Thương Mại,905,Kinh doanh số,Kinh doanh số,GTADCKS2;7340101_20;NTH.KD.H07_1;BUS09;NT.KD.H07_1;NT.KD.H07_2;NTHKD07
3,Kinh tế - Quản trị kinh doanh - Thương Mại,915,Thương mại số,,;NTH.TM.H11_1;NT.TM.H11_1;NTHTM11
3,Kinh tế - Quản trị kinh doanh - Thương Mại,10,Kinh doanh,"Kinh doanh thương mại Hàn Quốc; Kinh doanh số; Kinh doanh thương mại; Kinh doanh nông nghiệp; Kinh doanh nông nghiệp (Khu Hòa An); Kinh doanh và khởi nghiệp nông thôn; Kinh doanh (Tài chính. Kinh doanh quốc tế. Marketing. Kế toán. Quản trị nguồn nhân lực & Quan hệ lao động) (đơn bằng 2+1.5) - Chương trình dự bị liên kết Đại học Massey (New Zealand); Kinh doanh (Tài chính, Kinh doanh quốc tế, Marketing, Kế toán, Quản trị nguồn nhân lực & Quan hệ lao động) (đơn bằng 2+1,5) - Chương trình dự bị liên kết Đại học Massey (New Zealand); Khởi nghiệp & phát triển KD (BBAE); Khởi nghiệp và phát triển kinh doanh (BBAE)/ngành QTKD; Kinh doanh số (E-BDB); Kinh doanh số (E-BDB)/ngành QTKD; Kinh doanh (Tài chính. Kinh doanh quốc tế. Marketing. Kế toán. Quản trị nguồn nhân lực & Quan hệ lao động) (đơn bằng 2+1.5) - Chương trình liên kết Đại học Massey (New Zealand); Kinh doanh (Tài chính, Kinh doanh quốc tế, Marketing. Kế toán, Quản trị nguồn nhân lực & Quan hệ lao động) (đơn bằng 2+1.5) - Chương trình liên kết Đại học Massey (New Zealand); Chương trình tiêu chuẩn Kinh doanh quốc tế; Chương trình ĐHNNQT Kinh doanh quốc tế theo mô hình tiên tiến Nhật Bản; Chương trình ĐHNNQT Kinh doanh số; Ngành Tài chính - Ngân hàng Ngành Kế toán  Ngành Kinh doanh quốc tế  Ngành Marketing; Quản trị kinh doanh (CN: Kinh doanh số)",DK7340201M;K7340201M;7620114;7620114H;KDQH2.3;KDQH1.1;KDQQ1.1;NTS02;KDQH2.4;FIDT2;EP05;7340121;7340121DKD;7340121DKK;73106a1;73106a2;73106a3;7620119;EP01;7340101D;253;QHQ13;DK7340101M;K7340101M;7340121S;NTH.KD.H08_1;NTHKD08
3,Kinh tế - Quản trị kinh doanh - Thương Mại,11,Kinh tế,Kinh tế; Kinh tế (02 chuyên ngành: Kinh tế thủy sản; Quản lý kinh tế); Kinh tế (Chuyên ngành Kinh tế đầu tư và chuyên ngành Quản lý kinh tế); Kinh tế (Phân tích dữ liệu trong kinh tế); Kinh tế (Chuyên ngành: Quản lý kinh tế; Kinh tế - Luật); Kinh tế giáo dục vùng dân tộc thiểu số; Kinh tế học (ngành Kinh tế); Kinh tế và quản lý đô thị (ngành Kinh tế); Kinh tế và quản lý nguồn nhân lực (ngành Kinh tế); Kinh tế (Kinh tế học); Kinh tế (Chuyên ngành Kinh tế học); Kinh tế ( Kinh tế và quản lý công); Kinh tế (Chuyên ngành Kinh tế và Quản lý công); Kinh tế và QL NNL (ngành Kinh tế); Kinh tế (CT chất lượng cao); Kinh tế Chất lượng cao; Kinh tế (Đào tạo bằng Tiếng Anh); Kinh tế (ĐT bằng Tiếng Anh); Kinh tế chính trị; Kinh tế đầu tư; Kinh tế thể thao; Kinh tế công nghiệp; Kinh tế nông nghiệp; Kinh tế nông nghiệp (Khu Hòa An); Kinh tế gia đình; Kinh tế tài nguyên thiên nhiên; Song ngành Kinh tế - Tài chính (CT tiên tiến); Kinh tế - Tài chính; Kinh tế nông nghiệp (Chương trình tiên tiến); Kinh tế Hàng hải; Kinh tế đầu tư (Chương trình Chất lượng cao); Kinh tế học tài chính (FE); Kinh tế tài chính (FE)/ngành Kinh tế; Kinh tế và Quản lý; Chương trình ĐHPTQT Kinh tế chính trị quốc tế; Ngành Kinh tế; Ngành Kinh tế quốc tế; Ngành Kinh tế chính trị; Ngành Kinh tế  Ngành  Quản trị kinh doanh; Kinh tế (Quản lý kinh tế); Kinh tế đối ngoại; Kế toán; Kế hoạch tài chính; Quản trị kinh doanh; Kinh tế phát triển; Ngân hàng; Công nghệ thông tin và chuyển đổi số; Bảo hiểm tích hợp chứng chỉ ANZ1IF; Chuyên ngành Kinh tế du lịch thuộc ngành Kinh tể; Kinh tế giáo dục vùng dân tộc thiểu số; Quản lý Kinh tế,7310101;7310101_CLC;TLA401;7310101_403;7310101_401;7310101C;7310101TA;NTH01-02;NTS01;73101011;7310101_1;73101012;7310101_2;73101013;7310101_3;7903124;7310102;NTH09;KTCH2.1;7510604;7310104;7310104_01;ECON01;ECON02;7810501;A408;EP13;7620115;7906425;7620115H;7850102;7310113;HVN11;HVN11_QT;7310106_402;TT1;CLC1;7310101-01-HàNội;7310101-HàNội;7310101-QuảngNam;7310101-TP-HCM;TM22;TM23;255;TS2025;7310110;7310101-HG;7340401_QLKT;527_100;7310101S;7310101_02;7310101_03;403;EP24;EP26;HC06.01;155;HC0613;HY0603;7310101E;GHA03;A1QK;7310101HQ;7310101NB;7310101TC;KT527
3,Kinh tế - Quản trị kinh doanh - Thương Mại,12,Quản trị kinh doanh,"Quốc tế cấp song bằng ngành Quản trị kinh doanh; Quản trị kinh doanh; Quản trị kinh doanh (chuyên ngành Quản trị kinh doanh; Quản trị hàng không; Quản trị truyền thông); Quản trị; Quản trị kinh doanh; Quản trị kinh doanh (Chuyên ngành Quản trị nguồn nhân lực); Quản trị kinh doanh (BBA); Quản trị bệnh viện; Quản trị kinh doanh Chuyên ngành - Quản trị doanh nghiệp - Quản trị Logistics  - Digital Marketing; Quản trị kinh doanh (Chương trình tiên tiến); Quản trị văn phòng; Quản trị kinh doanh (dạy bằng tiếng Anh); Quản trị kinh doanh (Chuyên ngành: Quản trị doanh nghiệp; Quản trị Marketing; Quản trị kinh doanh du lịch); Chương trình liên kết quốc tế Ngành Quản trị kinh doanh (Đại học EM Normandie -Cộng hoà Pháp cấp bằng, Học hoàn toàn bàng tiếng Anh); Quản trị kinh doanh (Chương trình chất lượng cao Quản trị kinh doanh Việt -Anh); Quản trị kinh doanh (Chương trình CLC Quản trị kinh doanh Việt - Anh); Quản trị kinh doanh chất lượng cao giảng dạy bằng Tiếng Anh; Quản trị kinh doanh (Chuyên ngành Quản trị kinh doanh ); Quản trị kinh doanh (Tiếng Anh); Quản trị kinh doanh (Chuyên ngành Quản trị kinh doanh )(Tiếng Anh); Quản trị kinh doanh (Quản trị du lịch và lữ hành); Quản trị kinh doanh (Chuyên ngành Quản trị du lịch và lữ hành); Quản trị Kinh doanh (Chương trình liên kết với ĐH Andrews) (4+0); Quản trị kinh doanh (Chương trình liên kết với ĐH Công nghệ Auckland) (1+2/1.5+1.5); Quản trị kinh doanh (Quản trị doanh nghiệp và công nghệ); Quản trị kinh doanh (Kinh doanh sáng tạo); Quản trị kinh doanh thực phẩm; Quản trị kinh doanh (Chương trình liên kết với ĐH Lakchead) (2+2); Quản trị kinh doanh (Chương trình liên kết với ĐH Lakehead) (2+2); Quản trị kinh doanh (Chương trinh liên kết với DH Ncw South Wales) (2+2); Quản trị kinh doanh (Chương trình liên kết với ĐH New South Wales) (2+2); Quản trị kinh doanh (Chương trình liên kết với ĐH Sydney) (2+2); Quản trị kinh doanh (Tiếng Anh bán phần); Quản trị kinh doanh (Chương trình liên kết với DH Houston) (2+2); Quản trị kinh doanh (Chương trình liên kết với ĐH Houston) (2+2); Quản trị kinh doanh (Chương trinh liên kết với ĐH West of England) (2+2); Quản trị kinh doanh (Chương trình liên kết với DH West of England) (4+0); Quản trị kinh doanh (Chương trình liên kết với ĐH West of England) (4+0); Quản trị kinh doanh (Học tại phân hiệu ĐHTN tại tỉnh Hà Giang); Quản trị kinh doanh (Chương trình đặc biệt); Quản trị kinh doanh (Quản lí Bán lẻ); Quản trị kinh doanh (Marketing); Quản trị kinh doanh (CTCLC); Quản trị kinh doanh (CTNC); Quản trị kinh doanh (Chương trình đào tạo bằng tiếng Anh); Quản trị kinh doanh (CT chất lượng cao); Quản trị kinh doanh (Nhà hàng và dịch vụ ăn uống); Quản trị kinh doanh Chất lượng cao; Quản trị kinh doanh bất động sản (ngành Quản trị kinh doanh); Quản trị nguồn nhân lực (ngành Quản trị kinh doanh); Quản trị truyền thông đa phương tiện (ngành Quản trị kinh doanh); Quản trị kinh doanh (Chương trình chất lượng cao); Quản trị kinh doanh (Chương trình CLC); Quản trị kinh doanh hàng không - Chương trình học bằng tiếng Anh; Quản trị kinh doanh - Chuyên ngành Quản trị tài chính số; Quản trị kinh doanh - Chuyên ngành Quản trị Logistics và chuỗi cung ứng số; Quản trị kinh doanh - Chuyên ngành Quản trị dịch vụ du lịch và lữ hành số; Quản trị kinh doanh (PHGL); Quản trị kinh doanh (Khu Hòa An); Quản trị kinh doanh - Chuyên ngành Quản trị dự án Công nghệ thông tin; Quản trị kinh doanh (Liên kết với Đại học Walsh - Mỹ); Quản trị kinh doanh (Liên kết với Đài Loan); Quản trị kinh doanh (PHNT); Quản trị kinh doanh (Chuyên ngành Quản trị nhà hàng - khách sạn); Quản trị kinh doanh & Ngôn ngữ Anh; Quản trị kinh doanh & Luật; Quản trị kinh doanh (Đào tạo bằng TA); Quản trị kinh doanh (Đào tạo bằng Tiếng Anh); Quản trị kinh doanh chương trình đào tạo bằng tiếng Anh; Quản trị và An ninh; Quản trị kinh doanh (Liên kết với ĐH CityU, Hoa kỳ. Cấp song bằng); Quản trị kinh doanh (Chuyên ngành Quản trị nhà hàng - khách sạn) - Chương trình dự bị đại học bằng tiếng Anh; Quản trị kinh doanh toàn cầu (đơn bằng 2+2) - Chương trình dự bị liên kết đơn Đại học Emlyon (Pháp); Quản trị kinh doanh toàn cầu (đơn bằng 2+2) - Chương trình dự bị liên kết Đại học Emlyon (Pháp); Quản trị kinh doanh (đơn bằng 3+1) - Chương trình dự bị liên kết Đại học Lunghwa (Đài Loan); Quản trị kinh doanh (đơn bằng 3+1) – Chương trình dự bị liên kết Đại học Lunghwa (Đài Loan); Quản trị kinh doanh (chuyên ngành Quản trị nhà hàng - khách sạn) (song bằng 2.5+1.5) - Chương trình dự bị liên kết Đại học Taylor’s (Malaysia); Quản trị nhà hàng - khách sạn (song bằng 2.5+1.5) - Chương trình dự bị liên kết Đại học Taylor's (Malaysia); Quản trị kinh doanh (E-BBA); Quản trị kinh doanh (Chuyên ngành Quản trị nguồn nhân lực) - Chất lượng cao; Quản trị kinh doanh (Chuyên ngành Quản trị nhà hàng - khách sạn) - Chất lượng cao; Quản trị kinh doanh (Chuyên ngành Quản trị nhà hàng - khách sạn) - Chương trình đại học bằng tiếng Anh; Quản trị kinh doanh, Thương mại và Du lịch; Quản trị kinh doanh (song bằng 2+2) - Chương trình liên kết Đại học kinh tế Praha (Cộng hòa Séc); Quản trị kinh doanh toàn cầu (đơn bằng 2+2) - Chương trình liên kết đơn Đại học Emlyon (Pháp); Quản trị kinh doanh toàn cầu (đơn bằng 2+2) - Chương trình liên kết Đại học Emlyon (Pháp); Quản trị kinh doanh (đơn bằng 3+1) - Chương trình liên kết Đại học Lunghwa (Đài Loan); Quản trị kinh doanh (đơn bằng 3+1) – Chương trình liên kết Đại học Lunghwa (Đài Loan); Quản trị kinh doanh (Chuyên ngành Quản trị nhà hàng - khách sạn) - Chương trình học tại Phân hiệu Khánh Hòa; Ngành Quản trị kinh doanh  Ngành Kinh doanh quốc tế  Ngành quản trị khách sạn  Ngành Marketing; Ngành Kinh tế  Ngành  Quản trị kinh doanh; POHE-Quản trị kinh doanh thương mại; Quản trị kinh doanh thương mại; Chương trình CLC Quản trị kinh doanh quốc tế; Chương trình tiên tiến Quản trị kinh doanh quốc tế; Quản trị kinh doanh (Quản trị kinh doanh tổng hợp, dạy và học bằng Tiếng Anh); Quản trị kinh doanh (Quản trị kinh doanh); Quản trị kinh doanh (Quản trị kinh doanh -Chương trình định hướng chuyên sâu nghề nghiệp quốc tế - IPOP); Quản trị kinh doanh (Quản trị kinh doanh - Chương trình định hướng chuyên sâu nghề nghiệp quốc tế - IPOP); Quản trị kinh doanh (Khởi nghiệp và phát triển kinh doanh); Quản trị kinh doanh (Tiếng Pháp thương mại); Quản trị Kinh doanh - Hợp tác với ĐH Troy (Hoa Kỳ); Quản trị kinh doanh (CN: Kinh doanh số); Quản trị kinh doanh - Chuyên ngành Quản trị dự án Công nghệ thông tin; Quản trị doanh nghiệp; Quản trị kinh doanh du lịch; Khởi nghiệp và phát triển kinh doanh (BBAE)/ngành QTKD; Quản lí thị trường; Quản trị điều hành thông minh (E-SOM) /ngành QTKD; Quản trị chất lượng và Đổi mới (E-MQI)/ngành QTKD; Tài chính; Quản trị Kinh doanh quốc tế; Chương trình tiêu chuẩn Quản trị kinh doanh quốc tế; Chương trình tiêu chuẩn Quản trị kinh doanh; Quản trị kinh doanh (Liên kết Đài Loan); Ngành Quản trị Kinh doanh - Chương trình Tiên tiến&quốc tế, Ngành Quản trị Kinh doanh - Chương trình du học tại chỗ lấy bằng Mỹ",7340101;NTS01;POHE5;N7340101N;F7340101N;FA7340101N;7340101LK;7340002;7340101-DN;7340101-TA;7340101CT;7340101DKD;7340101DKK;7340101DL;7340101G;7340101N;7340101_01;7340101_407;7340101_TABP;7340101_TATP;7340101_TH;BA;BUS02;D403;EM3;FBE1;TLA402;7340101EL;7340101EF;TROY-BA;7340101QA;7340101QT;7340101CLC;7340101D;734010ICLC;BUS01;7340101A;7340101C;7340101TA;7340101_AND;7340101_AU;7340101_UH;7340101_LU;7340101_NS;7340101_SY;7340101_WE;7340101_WE4;7340101_407E;7340101QT;DK7340101L;K7340101L;EBBA;7340101-HG;TM03;7340101H;7340101_KDST;7340101LKĐTNN-01;7340101LKĐTNN-02;BUS04;7340101B;TM02;TA7340101;TM01;K7340101;TM20;7340101_1;7340101IM;7340101_DNCN;7340101ET;7340101_415;D7340101N;DK7340101N;F7340101;NTH02;7340101IM;7340101_DNCN;7340101C4;7340101C2;7340101QL;HVN08;7340101C3;7340101E;QTKH2.1;QTKS2.1;QTKH4.1;DK7340101E;K7340101E;7340101_KDTP;7340129;7900189;7340101M;HVN08_QT;7340101;EP01;POHE6;EP07;EP08;QTKH1.1;QTKS1.1;IU02;AP02;7340101_TT1;7340101_CLC2;TM42;TM43;7340120_CLC3;153;7340101_LOG;734010101;734010168;734010198;7340101_QT;734010107;DTV-7340101-01;7340101LKDTNN-02;7340101(HP);7340101(LK);7340101_2;7340101_6;7340101C1;7340101C3;7340101C5;7340101C4;7340101_A;CN1-7340101;LK7340101;TLS402;DK7340101;7340101_QTSB;7340101V;7340101S;7340101P;7340101_Hue;NTH.QT.H09;NTH.QT.H10_1;NTH.QT.H10_2;NTH.QT.S25_1;NTH.QT.S25_2;7340101.68;7340101.98;7340101_ĐSK;MAC;HAS;407;407E;HVN08;CLC2-03;CLC3-04;TT1-03;HC03.12;BUS10;IB07;NT.QT.H09;NT.QT.H10_1;NT.QT.H10_2;NT.QT.S25_1;NT.QT.S25_2;TM45;HC0303QT;HC0312;HY0312;HC0301QT;7340101E;GHA04;GHA04QT;GSA02;A1QH;734010102;EM3_A00;EM3_D01;NTHQT09;NTHQT10;NTHQT10_CLC;NTSQT03;NTSQT03_CLC;UTHQTD01A;UTHQTD01V;7340101DM;7340101KT
3,Kinh tế - Quản trị kinh doanh - Thương Mại,13,Logistics và chuỗi cung ứng,"Logistics và quản lý chuỗi cung ứng; Logistic và quản lý chuỗi cung ứng; Logistics & Quản lý chuỗi cung ứng; Logistics và QL chuỗi cung ứng; Quản trị nhân lực; Logictics và chuỗi cung ứng; Logistics và Quản lý chuỗi cung ứng/ Logistics đô thị; Công nghệ Logistic (hệ kỹ sư); Công nghệ Logistics (hệ kỹ sư); Logistics và quản lý chuỗi cung ứng – chương trình tiên tiến; Logistics và quản lý chuỗi cung ứng - Chương trình tiên tiến; Logistics và Quản lý chuỗi cung ứng (Quản lý Logistics cảng biển - XNK -Giao nhận vận tài quốc tế); Logistics và quản lý chuỗi cung ứng (Quản lý Logistics cảng hàng không -XNK - Giao nhận vận tải quốc tế); Logistics và quản lý chuỗi cung ứng – chương trình học hoàn toàn bằng tiếng Anh; Logistics và quản lý chuỗi cung ứng - Chương trình học hoàn toàn bằng tiếng Anh; Logistics và Quản lý chuỗi cung ứng & Ngôn ngữ Anh; Logistics và Quản lý chuỗi cung ứng (Liên kết với Đài Loan); Logistics và Ọuản lý chuỗi cung ứng; Logistics và Quản lý chuỗi cung ứng (FIATA cấp Chứng chỉ Giao nhận vận tải quốc tế); Logistics và quản lý chuỗi cung ứng (Tiếng Việt); Logistics và quản lý chuỗi cung ứng (đào tạo bằng tiếng Việt); Logistics & chuỗi cung ứng; Logistics và Quản lý chuỗi cung ứng (CT tiên tiến); Logistics và QLCCC tích hợp CCQT (LSIC); Logistics và Quản lý CCU tích hợp chứng chỉ Logistic quốc tế (LSIC); Logistics và quản lý chuỗi cung ứng (một số học phần chuyên ngành học bằng tiếng anh); Logistics và vận tải đa phương thức; Logistics - Trường Đại học Tongmyong - Hàn Quốc cấp bằng; Logistics và quản lý chuỗi cung ứng (tăng cường tiếng Nhật, định hướng thực tập và làm việc tại Nhật Bản); Chương trình ĐHNNQT Logistics và Quản lý chuỗi cung ứng; Logistics và Quân lý chuỗi cung ứng (Logistics và Quản lý chuỗi cung úng); Logistics và Quản lý chuỗi cung ứng (Logistics và xuất nhập khẩu - Chương trình định hướng chuyên sâu nghề nghiệp quốc tế -IPOP); Logistics và Quản lý chuỗi cung ứng (Logistics và xuất nhập khẩu - Chương trình định hướng chuyên sâu nghề nghiệp quốc tế - 1POP); Logistics và Quản lý chuỗi cung ứng (Logistics và xuất nhập khẩu - Chương trình định hướng chuyên sâu nghề nghiệp quốc tế - IPOP)",7510605;KDQH2.2;KDQS2.1;7510605DKD;7510605DKK;GTADKLG2;D407;7510605NB;EP14;7510605CT1;7510605DL;7510605_CLC;GTADCLG2;HVN07;IB02;TLA407;7510605-DN;7510605_01;7510605E;7510605A;7510605LA;EM-E14;7510605TN;7510605LKĐTNN;TM06;TM37;FBE7;7510605CT2;7510605CT3;GTADNLG2;7510605V;7510605_02;GTADCVL2;7340101_LTT
3,Kinh tế - Quản trị kinh doanh - Thương Mại,15,Kinh tế phát triển,Kinh tế phát triển,7310105;7310105_CLC1;CLC1-01;EP25
3,Kinh tế - Quản trị kinh doanh - Thương Mại,16,Kinh tế quốc tế,Kinh tế quốc tế; Kinh tế quốc tế chất lượng cao giảng dạy bằng Tiếng Anh; Kinh tế đối ngoại chất lượng cao giảng dạy bằng Tiếng Anh; Kinh tế quốc tế (kinh tế đối ngoại); Kinh tế quốc tế (Chuyên ngành Kinh tế đối ngoại); Kinh tế ngoại thương; Chương trình tiêu chuẩn Kinh tế quốc tế; Chương trình CLC Kinh tế quốc tế; Ngành Kinh tế; Ngành Kinh tế quốc tế; Kinh tế quốc tế (Kinh tế quốc tế),73010106;7310106_TABP;HQT03;7310106_402;7310106_1;7310106;D402;NTH01-02;KTQH1.1;KTQH2.1;7310106_CLC3;TM21;7310106_2;NTH.KT.H04_1;NTH.KT.H04_2;CLC3-05;EP22;ECON03;NT.KT.H04_1;NT.KT.H04_2;NT.KT.H04_3;FIDT9;NTHKT04;NTHKT04_CLC
3,Kinh tế - Quản trị kinh doanh - Thương Mại,17,Kinh tế số,Kinh tế số; Kinh tế số (chuyên ngành Kinh tế và Kinh doanh số); Kinh tế số (Phân tích kinh doanh trong môi trường số),7310109;FIDT1;TLA410;TM39;734040502E;734040502A;NTH.KT.H04_3;401;421;EP23;NT.KT.H04_3;TM49;NTHKT04_DHNN;UTHGIT02V
3,Kinh tế - Quản trị kinh doanh - Thương Mại,18,Kinh tế vận tải,Kinh tế vận tải; Kinh tế vận tải (chuyên ngành Kinh tế vận tải biển) – chương trình tiên tiến; Kinh tế vận tải (chuyên ngành Kinh tế vận tải biển) - Chương trình tiên tiến; Kinh tế vận tải (chuyên ngành Kinh tế vận tải hàng không) – chương trình tiên tiến; Kinh tế vận tải (chuyên ngành Kinh tế vận tải hàng không) - Chương trình tiên tiến; Kinh tế vận tải – Chương trình học bằng Tiếng Anh (CN: Logistics và vận tải đa phương thức); Kinh tế vận tải - Chương trình học bằng Tiếng Anh (CN: Logistics và vận tải đa phương thức); Kinh tế vận tải – CN: Kinh tế hàng không; Kinh tế vận tải (CN: Kinh tế hàng không); Kinh tế vận tải (CN1: Logistics và quản lý chuỗi cung ứng; CN2: Logistics và vận tải đa phương thức); Kinh tế vận tải (CN: Logistics và quản lý chuỗi cung ứng; Logistics và vận tải đa phương thức),7840104;7840104E;784010401A;784010402A;7840104K;7840104L;7840104C1;7840104C2;D401;H401;D410;784010404A;784010403A;GSA23;GHA09;UTHKTV01A;UTHKTV01V;UTHKTV02A
3,Kinh tế - Quản trị kinh doanh - Thương Mại,20,"Phân tích kinh doanh, tài chính",Phân tích dữ liệu kinh doanh; Phân tích tài chính (theo định hướng ICAEW); Phân tích kinh doanh (CT tiên tiến); Phân tích kinh doanh (BA); Phân tích kinh doanh (BA)/ngành QTKD,EP06;EM-E13;7340125;QHQ05;7340201C09;7340201QT01.09;HC01.09QT
3,Kinh tế - Quản trị kinh doanh - Thương Mại,21,Hệ thống thông tin quản lý,Hệ thống thông tin quản lý; Quản lý logistics và chuỗi cung ứng; Hệ thống thông tin quản lý (Chuyên ngành: Công nghệ Thương mại điện tử); Hệ thống thông tin kinh doanh; Hệ thống thông tin quản lý (Chuyên ngành Hệ thông thông tin quản lý); Hệ thống thông tin quản lý (Chưong trình Co-operative Education); Hệ thống thông tin quản lý (Chưong trình Co-operativeEducation); Hệ thống thông tin quản lý (CT Co - operative Education); Hệ thống thông tin quản lý (kinh doanh số và Trí tuệ nhân tạo); Hệ thống thông tin quản lý (Chuyên ngành Kinh doanh số và Trí tuệ nhân tạo); Hệ thống thông tin quản lý (Tiếng Anh bán phần); Kinh tế quốc tế (Tiếng Anh bán phần); Hệ thống thông tin quản lý – chương trình tiên tiến; Hệ thống thông tin quản lý - Chương trình tiên tiến; Hệ thống thông tin quản lý (Quản trị Hệ thống thông tin - Chương trinh định hướng nghề nghiệp); Hệ thống thông tin; Hệ thống thông tin quản lý (Chương trình Chất lượng cao); Tin học tài chính kế toán; Hệ thống thông tin quản lí,7340405_TABP;7340405_406;MI2;MIS01;QHQ03;7340405A;7340405_406H;7340405_416;7340405_0;7480104;MIS02;7340405_HL;TM31;TM32;734040502A;734040502;7340405;7340405S;406H;HC04.01;MIS01;HC0401;HY0402;FIDT8;UTHHQL01A;UTHHQL02A;UTHHQL02E
3,Kinh tế - Quản trị kinh doanh - Thương Mại,22,"Quản lý, quản trị",Quản lý Công nghiệp; Quản trị bệnh viện; Quản trị doanh nghiệp (ngành Quản trị kinh doanh); Quản lý dự án; Quản trị công nghệ truyền thông; Nghiệp vụ ngoại thương (Quản lý công nghiệp - Giảng dạy băng tiếng Anh); Quản lý công nghiệp (Chuyên ngành: Nghiệp vụ ngoại thương - Giảng dạy bằng tiếng Anh); Quản lý công nghiệp (Tiếng Anh); Quản lý công nghiệp (đào tạo bằng tiếng Anh); Quản lý công nghiệp (Tiếng Việt); Quản lý công nghiệp (đào tạo bằng tiếng Việt); Quản lý xây dựng/ Kinh tế và quản lý đô thị; Quản lý xây dựng/ Kinh tế và quản lý bất động sản; Quản lý xây dựng/ Kiểm toán đầu tư xây dựng; Quản lý bệnh viện; Quản lý kinh doanh & Marketing; Quản lý kinh doanh thương mại điện tử; Quản lý kinh doanh TMĐT; Quản trị điều hành thông minh (E-SOM); Quản trị điều hành thông minh (E-SOM)/ngành QTKD; Quản trị chất lượng và Đổi mới (E-MQI); Quản trị chất lượng và Đồi mới (E-MQ1); Quản trị chất lượng và Đổi mới (E-MQI)/ngành QTKD; Quản trị giải trí và sự kiện; Quản trị doanh nghiệp; Thanh tra và quản lý công trình giao thông; Quản lý thị trường; POHE-Quản lý thị trường,POHE6;7720802;HM1;123;EM2;7510601A;7510601V;7510601;7340409;A403;A404;7580302_04;7580302_02;7580302_01;7340101_03;EP08;7340410;GTADCTQ2;73401010;EP07;EP18;QHQ07;7340101_02
3,Kinh tế - Quản trị kinh doanh - Thương Mại,23,Khoa học quản lý,Khoa học quản lý; Khoa học quản lý (Quản lý nhân lực),7340401;QHX09;BNS
3,Kinh tế - Quản trị kinh doanh - Thương Mại,24,Quản trị và phân tích dữ liệu,Trí tuệ nhân tạo; Robot và Trí tuệ nhân tạo (hệ kỹ sư); Trí tuệ nhân tạo (kỹ sư); Trí tuệ nhân tạo (ngành mới); Thiết kế IC & hệ thống nhúng (CN); Quản trị và phân tích dữ liệu; Quản trị và phân tích dữ liệu (thí điểm),7480107D;7480107TD
3,Kinh tế - Quản trị kinh doanh - Thương Mại,25,Thẩm định giá và quản trị tài sản,Thẩm định giá và quản trị tài sản; POHE-Thẩm định giá; Thẩm định giá; Thẩm định giá và kinh doanh bất động sản; Thấm định giá và kinh doanh bất động sàn (Theo định hướng ACCA),7310104_02;POHE7;7340116QT09.01;EP31;HC09.01;HC09.01QT
3,Kinh tế - Quản trị kinh doanh - Thương Mại,26,Truyền thông doanh nghiệp,Truyền thông doanh nghiệp; Truyền thông số; Truyền thông doanh nghiệp (dạy bằng Tiếng Pháp),7320109
3,Kinh tế - Quản trị kinh doanh - Thương Mại,48,Thương mại điện tử,Thương mại điện tử; Thương mại điện tử (tiếng Anh); Thương mại điện tử (Tiếng Việt); Thương mại điện tử (đào tạo bằng tiếng Việt); Thương mại điện tử (Quản trị thương mại điện tử); Thương mại điện tử (Kinh doanh số); Thương mại điện tử (Chương trình Chất lượng cao); Thương mại điện tử (Kinh doanh số); Kinh doanh số; Chương trình ĐHNNQT Kinh doanh số,7340122;7340122-DN;7340122C;7340122DL;7340122_411;FIDT3;GTADCTD2;TLA405;7340122_411E;7340122V;IB05;KDQH2.4;7340122_CLC3;TM28;TM29;TM30;7340122_QT;TLS405;7340122BP;7340122S;7340122_01;7340122A;411;411E;CLC3-07;7340122TC;EC_1;EM
4,Công nghệ thông tin - Tin học,891,Tin học,Tin học; Địa tin học,7480206;7580201_02
4,Công nghệ thông tin - Tin học,903,An toàn dữ liệu và an ninh mạng,An toàn dữ liệu và an ninh mạng,GTADCAT2;MAS
4,Công nghệ thông tin - Tin học,909,Công nghệ phần mềm,Công nghệ phần mềm,D118
4,Công nghệ thông tin - Tin học,21,Hệ thống thông tin quản lý,Hệ thống thông tin quản lý; Quản lý logistics và chuỗi cung ứng; Hệ thống thông tin quản lý (Chuyên ngành: Công nghệ Thương mại điện tử); Hệ thống thông tin kinh doanh; Hệ thống thông tin quản lý (Chuyên ngành Hệ thông thông tin quản lý); Hệ thống thông tin quản lý (Chưong trình Co-operative Education); Hệ thống thông tin quản lý (Chưong trình Co-operativeEducation); Hệ thống thông tin quản lý (CT Co - operative Education); Hệ thống thông tin quản lý (kinh doanh số và Trí tuệ nhân tạo); Hệ thống thông tin quản lý (Chuyên ngành Kinh doanh số và Trí tuệ nhân tạo); Hệ thống thông tin quản lý (Tiếng Anh bán phần); Kinh tế quốc tế (Tiếng Anh bán phần); Hệ thống thông tin quản lý – chương trình tiên tiến; Hệ thống thông tin quản lý - Chương trình tiên tiến; Hệ thống thông tin quản lý (Quản trị Hệ thống thông tin - Chương trinh định hướng nghề nghiệp); Hệ thống thông tin; Hệ thống thông tin quản lý (Chương trình Chất lượng cao); Tin học tài chính kế toán; Hệ thống thông tin quản lí,7340405_TABP;7340405_406;MI2;MIS01;QHQ03;7340405A;7340405_406H;7340405_416;7340405_0;7480104;MIS02;7340405_HL;TM31;TM32;734040502A;734040502;7340405;7340405S;406H;HC04.01;MIS01;HC0401;HY0402;FIDT8;UTHHQL01A;UTHHQL02A;UTHHQL02E
4,Công nghệ thông tin - Tin học,27,Công nghệ thông tin,"Kỹ thuật phần mềm; Kỹ thuật phần mềm*; Công nghệ thông tin; Công nghệ thông tin (chuyên ngành Công nghệ phần mềm; An toàn thông tin; Trí tuệ nhân tạo); Công nghệ và đối mới sáng tạo; Công nghệ thông tin (kỹ sư); Công nghệ thông tin (03 chuyên ngành: Công nghệ phần mềm; Hệ thống thông tin; Truyền thông và Mạng máy tính); Nhóm ngành Công nghệ thông tin gồm 04 ngành và 01 chuyên ngành: Công nghệ thông tin; Kỹ thuật phần mềm; Khoa học máy tính; Hệ thống thông tin; Chuyên ngành: Quản lý đô thị thông minh và bền vững; Thiết kế đồ hoạ (CN); Mạng máy tính & an toàn thông tin (CN); Công nghệ phần mềm (CN); Công nghệ thông tin Chuyên ngành - Robot và Trí tuệ nhân tạo -Kỹ thuật phần mềm - Hệ thống thông tin - Mạng máy tính & An toàn thông tin; Công nghệ thông tin (dạy bằng tiếng Anh); Công nghệ thông tin – Truyền thông; Đồ họa máy tính (chuyên ngành); Công nghệ thông tin (Đặc thù - Hợp tác doanh nghiệp); Ngành Công nghệ thông tin; Công nghệ thông tin (CN thiết kế vi mạch bán dẫn); Kỹ sư công nghệ thông tin; Công nghệ thông tin (Chương trình chất lượng cao Công nghệ thông tin Việt -Anh); Công nghệ thông tin (Chương trình chất lượng cao Công nghệ thông tin Việt - Anh); Công nghệ thông tin TT; Công nghệ thông tin (dạy bằng tiếng Anh) - TT; Công nghệ thông tin/ Công nghê đa phương tiện; Công nghệ thông tin chất lượng cao; Công nghệ thông tin trọng điểm (CLC); Công nghệ thông tin (Công nghệ và Đổi mới sáng tạo); Công nghệ thông tin (Chương trình tăng cường tiếng Anh); Công nghệ thông tin và dữ liệu Tài nguyên môi trường; Công nghệ thông tin (Việt - Nhật); Nhóm ngành máy tính và Công nghệ thông tin; Công nghệ thông tin quốc tế; Công nghệ thông tin (Chương trình liên kết với ĐH Suny Binghamton) (2+2); Công nghệ thông tin Việt - Nhật; Công nghệ thông tin (Chương trinh liên kết với ĐH West of England) (4+0); Công nghệ thông tin (Chuyên ngành Công nghệ đa phương tiện); Công nghệ thông tin (chuyên ngành Công nghệ thông tin) – chương trình tiên tiến; Công nghệ thông tin - Chương trình tiên tiến; Công nghệ thông tin (chuyên ngành Công nghệ thông tin)– chương trình học hoàn toàn bằng tiếng Anh; Công nghệ thông tin - Chương trình học hoàn toàn bằng tiếng Anh; Công nghệ thông tin (chuyên ngành Khoa học dữ liệu và AI) – chương trình tiên tiến; Công nghệ thông tin (chuyên ngành Khoa học dữ liệu và AI) - Chương trình tiên tiến; Công nghệ thông tin (chuyên ngành Smart logistics) – chương trình tiên tiến; Công nghệ thông tin (chuyên ngành Smart logistics) - Chương trình tiên tiến; Công nghệ thông tin (chuyên ngành Công nghệ ô tô số) – chương trình tiên tiến; Công nghệ thông tin (chuyên ngành Công nghệ ô tô số) - Chương trình tiên tiến; Công nghệ thông tin (Tiếng Anh); Công nghệ thông tin (Chương trình đặc biệt); Công nghệ thông tin (ngoại ngữ Nhật); Công nghệ thông tin (đào tạo bằng tiếng Anh); Công nghệ thông tin (cử nhân); Công nghệ thông tin (Đặc thù - Hợp tác doanh nghiệp), chuyên ngành Khoa học dữ liệu và Trí tuệ nhân tạo; Công nghệ thông tin (CTCLC); Nhóm ngành Công nghệ thông tin Chương trình tăng cường tiếng Anh gồm 04 ngành: Công nghệ thông tin; Kỹ thuật phần mềm; Khoa học máy tính; Hệ thống thông tin.; Công nghệ thông tin (Chương trình đào tạo bằng tiếng Anh); Lập trình ứng dụng di động và game (ngành Công nghệ thông tin); Quản trị mạng và an toàn thông tin (ngành Công nghệ thông tin); Công nghệ thông tin (chương trình chất lượng cao); Công nghệ thông tin (Chương trình CLC); Công nghệ thông tin (cử nhân - Hợp tác doanh nghiệp); Công nghệ thông tin (cử nhân - Hựp tác doanh nghiệp); Công nghệ thông tin (Khu Hòa An); Công nghệ thông tin (Liên kết với Đài Loan); Công nghệ thông tin (PHNT); Công nghệ thông tin (chương trình Việt - Nhật); Công nghệ thông tin (Tiếng Việt); Công nghệ thông tin (đào tạo bằng tiếng Việt); Công nghệ phần mềm; Công nghệ thông tin (song bằng 2+2) - Chương trình dự bị liên kết Đại học La Trobe (Úc); Công nghệ thông tin (tăng cường tiếng Anh); Công nghệ thông tin (học tại Vĩnh Phúc); Công nghệ thông tin – ĐH Công nghệ thông tin và quản lý Ba Lan- UITM cấp bằng.; Công nghệ thông tin – ĐH Công nghệ thông tin và quản lý Ba Lan - UITM cấp bằng; Công nghệ thông tin (CLC); Công nghệ thông tin và Kỹ thuật số; Công nghệ thông tin Việt Nhật; Công nghệ Thông tin (Việt – Nhật); Công nghệ Thông tin (Global ICT); Công nghệ Thông tin (Việt-Pháp); Công nghệ Thông tin Việt - Nhật (ngành Công nghệ Thông tin); Công nghệ Thông tin Việt - Hàn (ngành Công nghệ Thông tin); Công nghệ thông tin (song bằng 2+2) - Chương trình liên kết Đại học La Trobe (Úc); Chương trình đào tạo kỹ sư chất lượng cao Việt - Pháp (PFIEV); Công nghệ thông tin ứng dụng; Công nghệ thông tin (dạy và học bằng Tiếng Anh); Công nghệ thông tin (CN: Công nghệ phần mềm và Trí tuệ nhân tạo); Công nghệ thông tin (CN: Trí tuệ nhân tạo và Internet vạn vật); Công nghệ thông tin (CN: Trí tuệ nhân tạo và Dữ liệu lớn);Công nghệ thông tin - Chuyên ngành Công nghệ Game; Kinh tế phát triển; Ngân hàng; Công nghệ thông tin và chuyển đổi số; Bảo hiểm tích hợp chứng chỉ ANZ1IF; Công nghệ thông tin trọng điểm",7480201_01;7480103;7480201_CLC;7480201-DN;7480201A;7480201B;7480201CT;7480201DKD;7480201DKK;7480201DL;7480201KMA;7480201N;7480201PH;7480201_CLC;CN1;D114;GTADCIT2;GTADCTT2;GTADCTTI;ICT1;IT;IT01;TLA106;GTADKTT2;7480201QT;7480201CLC;7480201C;7480201_SB;748020l_SB;7480201WE4;7480201_WE4;7480201_DKD;748020l_DKD;7480201-1;748020106A;748020101A;748020101E;748020104A;748020105A;7480201_CNST;7480201DT;7480201_UDU;480201_UDU;7480201V;7480201TT;TA7480201;IT-E7;GTADCTT1;7480201H;7480201_LK;7480201LKĐTNN;DK7480101L;K7480101L;GTADATT2;7480201V;7480201_N;7480201_N;7480201N;IT-E6;IT-EP;7480201_DLMT;IT-VK;7480201_VNH;IT-VJ;ICT-VJ;H114;7480201_QT;7480201C2;7480201_NN;7480201C3;PFIEV;QHQ10;HVN14;D118;7480201S;7480201I;7480201GT;7480104;7480201_CLC1;7480201_VN;IU03;AP03;7480201_Nam;7480201.2;416;7480201_LK;7480201_UDU;DTV-7480201-01;7480201LKDTNN;748020107A;7480201C1;7480201_A;TLS106;7480201_1;7480201_TD;7480201VJ;7480201BP;7480201_02;7480201B;7480201;7480201_2;7480201-01;CLC1-03;7480201VN;7480201KA;HC1301;74802011;GHA14;GHA14QT;GSA07;A1TC;748020101;748020103;7480201HQ;7480201TC;XDA26;XDA27;XDA28;UTHGIT01V;UTHUIT01A;UTHUIT02A;UTHUIT02V;UTHUIT03A;UTHUIT04A;UTHUIT05A;UTHUIT05E;7480201TN;7480201CL;7480201LK;7480201UD
4,Công nghệ thông tin - Tin học,28,An toàn thông tin,An toàn thông tin; An toàn thông tin (kỹ sư); An toàn thông tin (Tiếng Việt); An toàn thông tin (đào tạo bằng tiếng Việt); An toàn không gian số - Cyber security (CT tiên tiến); An ninh mạng; An toàn không gian mạng,7480202;74802021;7480202KMA;7480202KMP;ICT4;7480202V;TLA127;IT-E15;DS03;7480202_CLC;7480201_02;7480202TA;7480202KA;7480202KP;7480202CL
4,Công nghệ thông tin - Tin học,29,Công nghệ bán dẫn,"Nhóm ngành Vật lý học, Công nghệ Vật lý điện tử và tin học, Công nghệ bán dẫn; Công nghệ bán dẫn; Vật lý kỹ thuật; Công nghệ vi mạch bán dẫn; Công nghệ kỹ thuật vi mạch bán dẫn; Chip bán dẫn và công nghệ đóng gói; Kỹ thuật vi điện tử và Công nghệ nano; Công nghệ Vi mạch bán dẫn; Công nghệ bán dẫn và Nano",7440102_TĐ;7440102_NN;MSE-IC;7520401;GTADCVM2;MS2;7510301_MBD;DS06;QHT99;7510301_1;7440102_TD;159;259;74401a1
4,Công nghệ thông tin - Tin học,30,Công nghệ đa phương tiện,"Công nghệ đa phương tiện; Thiết kế và phát triển Game (ngành Công nghệ đa phương tiện); Công nghệ đa phương tiện (Liên kết với đại học Canberra, Australia)",7320113;7329001;7329001_LK;7329001_GAM;74802012;7329001_LK;7329001_VHO;7329001LK;7329001VH
4,Công nghệ thông tin - Tin học,31,Khoa học Máy tính,"Khoa học Máy tính; Khoa học dữ liệu (Data Science); Khoa học dữ liệu; Chuyên ngành Khoa học dữ liệu thuộc ngành Khoa học máy tính; Khoa học máy tính (định hướng Khoa học dữ liệu); Khoa học máy tính (02 chuyên ngành: Trí tuệ nhân tạo; Khoa học dữ liệu); Khoa học máy tính (CSE); Khoa học Máy tính (Khoa học dữ liệu, Trí tuệ nhân tạo); Khoa học Máy tính (Công nghệ phần mềm; Mạng máy tính và an ninh); Khoa học máy tính (AI & Big Data); Khoa học máy tính (Chương trinh đào tạo liên kết với Đại học Mississippi - Hoa Kỳ); Khoa học máy tính (Chương trình Tiên tiến); Khoa học máy tính (Chương trình liên kết với DH West of England) (2+2); Khoa học máy tính (Chương trình liên kết với ĐH West of England) (2+2); Khoa học Máy tính – Chuyên ngành Công nghệ Phần mềm; Khoa học Máy tính - Chuyên ngành Công nghệ Phần mềm; Khoa học máy tính CLC; Khoa học máy tính Chất lượng cao; Khoa học và Kỹ thuật máy tính; Khoa học máy tính - Chương trình dự bị đại học bằng tiếng Anh; Khoa học máy tính - Chương trình đại học bằng tiếng Anh; Tài năng khoa học máy tính; CNTT: Khoa học Máy tính; Khoa học máy tính (đơn bằng 2+2) - Chương trình liên kết Đại học Kỹ thuật Ostrava (Cộng hòa Séc); Chương trình ĐHNNQT Khoa học máy tính và dữ liệu trong kinh tế và kinh doanh; Ngành Khoa học máy tính; Khoa học máy tính và thông tin; Khoa học Máy tính - hợp tác với ĐH Troy (Hoa Kỳ)",7480101;106;206;266;7480101_CLC;CN8;CS;ICT3;N7480101F;FA7480101;D7480101;7480101-SE;7480101-CSE;TROY-IT;7480101_QT;7580201_QT7480101WE2;7480101_WE2;7480101_TT;K7480101T;7480101C;NTH10;KHMH2.1;7460108;IT1;QHT98;7480204;ICT-TN;7480101TA;IU03;AP03;306;KS1-7480101;DK7480101T;F7480101;N7480101;NTH.CN.H18;NTH.CN.H18_1;NTH.CN.H18_2;NTH.CN.H18_3;7480101-CS;MI-E22;NT.CN.H18_1;TM51;GHA13;NTHCN18_TH;VJU2;7480101_1;XDA29;XDA44
4,Công nghệ thông tin - Tin học,32,Trí tuệ nhân tạo,Trí tuệ nhân tạo; Trí tuệ nhân tạo và giao thông thông minh; Trí tuệ nhân tạo và khoa học dữ liệu; Công nghệ kỹ thuật điện tử - viễn thông (CN: Điện tử ứng dụng Trí tuệ nhân tạo và Internet vạn vật); Công nghệ kỹ thuật điện tử - viễn thông (CN: Điện tử viễn thông và Trí tuệ nhân tạo); Công nghệ thông tin (CN: Công nghệ phần mềm và Trí tuệ nhân tạo); Công nghệ thông tin (CN: Trí tuệ nhân tạo và Internet vạn vật); Công nghệ thông tin (CN: Trí tuệ nhân tạo và Dữ liệu lớn); Trí tuệ nhân tạo - Chuyên ngành Phân tích dữ liệu; Trí tuệ nhân tạo vạn vật (AIoT); Trí tuệ nhân tạo trong tài chính kế toán; Trí tuệ nhân tạo trong tài chính kế toán; Trí tuệ nhân tạo ứng dụng,7480107DL;7480207;CN12;EP16;ICT5;GTADCTG2;TLA126;7510302A;7510302V;7480201S;7480201I;7480107DA;7520207_AIoT;7480201_HL;DS02;406;AI;7480201_2;7480107;7480201B;7480107_QT;7520207_AIoT;HC13.01;NT.CN.H18_2;GHA15;NTHCN18;7520207AT
4,Công nghệ thông tin - Tin học,33,Công nghệ kỹ thuật điện tử - viễn thông,"Công nghệ kỹ thuật điện tử - viễn thông; Công nghệ kỹ thuật điện tử viễn thông; Công nghệ kĩ thuật điện tử - vìễn thông; Công nghệ kỹ thuật điện tử - viễn thông gồm 03 chuyên ngành: Điện tử công nghiệp; Điện tử viễn thông; IOT và Trí tuệ nhân tạo ứng dụng; Công nghệ kỹ thuật điện tử -viễn thông; Điện tử - viễn thông; Công nghệ kỹ thuật điện tử - viễn thông (CN: Thiết kế vi mạch); CNKT Điện tử viễn thông; Kỹ thuật điện tử - viễn thông; Công nghệ kỹ thuật điện tử y sinh; Công nghệ kỹ thuật điện tử - viễn thông (chuyên ngành Thiết kế vi mạch bán dẫn); Công nghệ kỹ thuật điện tử - viễn thông (Tiếng Anh); Công nghệ kỹ thuật điện tử - viễn thông (đào tạo bằng tiếng Anh); Công nghệ kỹ thuật điện tử - viễn thông Chương trình tăng cường tiếng Anh gồm 02 chuyên ngành: Điện tử công nghiệp; Điện tử viễn thông; Công nghệ kỹ thuật điện tử - viễn thông (Việt - Nhật); Công nghệ kỹ thuật điện tử; viễn thông (chương trình Việt - Nhật); Chương trình đào tạo Kỹ thuật Thiết kế Vi mạch - thuộc ngành CNKT ĐT - Viễn thông (đào tạo bằng tiếng Việt); Công nghệ kỹ thuật điện tử - viễn thông (Tiếng Việt); Công nghệ kỹ thuật điện tử; viễn thông (đào tạo bằng tiếng Việt); Kỹ thuật Thiết kế Vi mạch - thuộc ngành Công nghệ KT Điện tử - Viễn thông (Tiếng Việt); Công nghệ KT điện tử – viễn thông; Công nghệ kỹ thuật điện tử – viễn thông; Điện tử viễn thông; Điện tử - Viễn thông - ĐH Leibniz Hannover (CHLB Đức); Công nghệ kỹ thuật Điện tử - Viễn thông (tăng cường tiếng Nhật, định hướng thực tập và làm việc tại Nhật Bản); Công nghệ kỹ thuật điện tử - viễn thông (CN: Điện tử ứng dụng Trí tuệ nhân tạo và Internet vạn vật); Công nghệ kỹ thuật điện tử - viễn thông (CN: Điện tử viễn thông và Trí tuệ nhân tạo);",7510302;7510302TKVM;7510302DKD;7510302DKK;CN9;GTADCDT1;7510302A;GTADNDT2;7510302V;7510302N;7510302C;7520220V;75103021;ET-LUH;D104;7510302TA;7510302A;7510302V;GTADCDT2;GTADCDTJ2;EC;ET_1
4,Công nghệ thông tin - Tin học,34,Công nghệ kỹ thuật máy tính,Công nghệ kỹ thuật máy tính; Công nghệ kỹ thuật máy tính (kỹ sư); Kỹ thuật máy tính gồm 02 chuyên ngành: Công nghệ kỹ thuật máy tính; Công nghệ kỹ thuật vi mạch; Kỹ thuật máy tính; Công nghệ kỹ thuật máy tính (Tiếng Anh); Công nghệ kỹ thuật máy tính (đào tạo bằng tiếng Anh); Công nghệ kỹ thuật máy tính (cử nhân); Công nghệ kỹ thuật máy tính - chuyên ngành Thiết kế vi mạch bán dẫn (kỹ sư); Công nghệ kỹ thuật máy tính (Tiếng Việt); Công nghệ kỹ thuật máy tính (đào tạo bằng tiếng Việt); Công nghệ kỹ thuật máy tính - Chuyên ngành Thiết kế vi mạch bán dẫn; Công nghệ kỹ thuật máy tính - Chuyên ngành Kỹ thuật phần mềm ô tô,7480108;7480108DKD;7480108DKK;7480108IC;7480108B;7480108A;7480108V;7480108C;7480108AS
4,Công nghệ thông tin - Tin học,36,Công nghệ và đổi mới sáng tạo,Công nghệ thông tin; Công nghệ thông tin (chuyên ngành Công nghệ phần mềm; An toàn thông tin; Trí tuệ nhân tạo); Công nghệ và đối mới sáng tạo; Công nghệ thông tin (kỹ sư); Công nghệ thông tin (03 chuyên ngành: Công nghệ phần mềm; Hệ thống thông tin; Truyền thông và Mạng máy tính); Nhóm ngành Công nghệ thông tin gồm 04 ngành và 01 chuyên ngành: Công nghệ thông tin; Kỹ thuật phần mềm; Khoa học máy tính; Hệ thống thông tin; Chuyên ngành: Quản lý đô thị thông minh và bền vững; Thiết kế đồ hoạ (CN); Mạng máy tính & an toàn thông tin (CN); Công nghệ phần mềm (CN); Công nghệ thông tin Chuyên ngành - Robot và Trí tuệ nhân tạo -Kỹ thuật phần mềm - Hệ thống thông tin - Mạng máy tính & An toàn thông tin; Công nghệ thông tin (dạy bằng tiếng Anh); Công nghệ thông tin – Truyền thông; Đồ họa máy tính (chuyên ngành); Công nghệ thông tin (Đặc thù - Hợp tác doanh nghiệp); Ngành Công nghệ thông tin; Công nghệ thông tin (CN thiết kế vi mạch bán dẫn); Kỹ sư công nghệ thông tin; Công nghệ phần mềm; Quản trị công nghệ - Đổi mới sáng tạo,7480201_03;7489001;748;7340101_04;7480201
4,Công nghệ thông tin - Tin học,37,Hệ thống nhúng và IoT,Hệ thống nhúng và loT (Tiếng Việt); Hệ thống nhúng và IoT (đào tạo bằng tiếng Việt); Chương trình tiên tiến Việt-Mỹ ngành Hệ thống Nhúng và IoT; Công nghệ Inernet vạn vật (loT); Kỹ thuật điện và máy tính (ECE); Công nghệ Inernet vạn vật (IoT); Hệ thống nhúng thông minh và IoT (CT tiên tiến); Công nghệ thông tin (CN: Trí tuệ nhân tạo và Internet vạn vật),7480118VM;7480118V;ET-E9;7520208;7480201I
4,Công nghệ thông tin - Tin học,38,Hệ thống thông tin,Hệ thống thông tin quản lý; Hệ thống thông tin quản lý (Chuyên ngành: Công nghệ Thương mại điện tử); Hệ thống thông tin kinh doanh; Hệ thống thông tin quản lý (Chuyên ngành Hệ thông thông tin quản lý); Hệ thống thông tin quản lý (Chưong trình Co-operative Education); Hệ thống thông tin quản lý (Chưong trình Co-operativeEducation); Hệ thống thông tin quản lý (CT Co - operative Education); Hệ thống thông tin quản lý (kinh doanh số và Trí tuệ nhân tạo); Hệ thống thông tin quản lý (Chuyên ngành Kinh doanh số và Trí tuệ nhân tạo); Hệ thống thông tin quản lý (Tiếng Anh bán phần); Kinh tế quốc tế (Tiếng Anh bán phần); Hệ thống thông tin quản lý – chương trình tiên tiến; Hệ thống thông tin quản lý - Chương trình tiên tiến; Hệ thống thông tin; Hệ thống thông tin (CT tiên tiến); Hệ thống thông tin (CTCLC); Hệ thống thông tin quản lý (Quản trị Hệ thống thông tin); Hệ thống thông tin quản lý (Quản trị Hệ thống thông tin - Chương trinh định hướng nghề nghiệp); Chuyên ngành Hệ thống thông tin thương mại điện tử thuộc ngành Hệ thống thông tin,7480104;CN14;GTADCHT2;TLA116;7480104_TT;7480104C;7340405_01;7340405_TABP;7340405_406;MI2;QHQ03;7340405A;7340405_406H;7340405_416;7480104-01-HàNội;7480104-HàNội;DS02;7480104TT;74814HN
4,Công nghệ thông tin - Tin học,39,Khoa học dữ liệu và Trí tuệ nhân tạo,Khoa học Dữ liệu; Khoa học dữ liệu – chương trình tiên tiến; Khoa học dữ liệu - Chương trình tiên tiến; Khoa học dữ liệu và trí tuệ nhân tạo (Hệ Cử nhân); Khoa học dữ liệu và trí tuệ nhân tạo (Hệ Kỹ sư); Khoa học dữ liệu trong KT & KD (DSEB); Khoa học dữ liệu trong KT & KĐ (DSEB); Khoa học dữ liệu trong Kinh tế & Kinh doanh (DSEB); Khoa học dữ liệu và Trí tuệ nhân tạo (CT tiên tiến); Trí tuệ nhân tạo và khoa học dữ liệu; Khoa học dữ liệu trong kinh tế và kinh doanh,7460108;TLA126;IT-E10;7480112;7480112KS;146;7460104;7460108DKD;7460108DKK;746108;EP15;QHT93;7460108A;EP03;7460108.2;CN20;7460108_NN;KS1-7460108;TLS126;7460108_01;7460108S;7480201_02;HC14.01;DS01;NT.CN.H18_3;7460108_DKD;7460108TA;HC1412;PAS1;NTHCN18_KHDL;7460108TC;XDA30;UTHKDL01A
4,Công nghệ thông tin - Tin học,40,Kỹ thuật dữ liệu,Mạng máy tính và truyền thông dữ liệu; Kỹ thuật dữ liệu (ngành Mạng máy tính và truyền thông dữ liệu); Kỹ thuật dữ liệu (Tiếng Việt); Kỹ thuật dữ liệu (đào tạo bằng tiếng Việt),7480102;7480203V;7480203A
4,Công nghệ thông tin - Tin học,41,Kỹ thuật điện tử - viễn thông,"Kỹ thuật điện tử - viễn thông; Kỹ thuật điện tử - viễn thông (chuyên ngành Công nghệ nhúng và IoT, chuyên ngành vi mạch bán dẫn, chuyên ngành Hệ thống viễn thông); Kỹ thuật điện tử - viễn thông; Kỹ thuật Điện tử viễn thông; Kĩ thuật điện tử - viễn thông (Thiết kế vi mạch); Kỹ thuật điện tử - viễn thông (Chuyên ngành Công nghệ điện từ, bản dẫn và vi mạch); Kỹ thuật điện tử – viễn thông; Kỹ thuật điện tử - viễn thông (Chuyên ngành: Công nghệ điện tử, bán dẫn và vi mạch); Kỹ thuật điện từ - viễn thông (Chương trình tăng cường tiếng Anh); Nhóm ngành Kỹ thuật điện tử - viễn thông, Thiết kế vi mạch; Nhóm ngành Kỹ thuật điện tử -viễn thông, Thiết kế vi mạch; Kỹ thuật điện tử (Chương trình liên kết với ĐH Suny Binghamton) (2+2); Kỹ thuật điện tử - viễn thông (Chương trình liên kết với ĐH West of England) (2+2); Kỹ thuật điện tử – viễn thông (Chương trình liên kết với ĐH West of England) (2+2); Kỹ thuật điện tử – viễn thông – chương trình tiên tiến; Kỹ thuật điện tử - viễn thông, chuyên ngành vi điện tử - thiết kế vi mạch; Kỹ thuật điện tử - viễn thông, chuyên ngành vi điện tử - thiết kế vi mạch; Kỹ thuật điện tử - viễn thông - Chương trình tiên tiến; Chương trình tiên tiến Việt - Mỹ ngành Kỹ thuật Điện tử viễn thông; Chương trình tiên tiến Việt-Mỹ ngành Kỹ thuật Điện tử viễn thông; Kỹ thuật điện tử - viễn thông (Hệ thống nhúng thông minh và Iot); Kỹ thuật điện tử - viễn thông (thiết kế vi mạch bán dẫn); Kỹ thuật Điện tử - Viễn thông (CT tiên tiến); Kỹ thuật Điện tử-Viễn thông; Kỹ thuật điện tử - viễn thông - Chất lượng cao; Kỹ thuật điện tử và tin học; Truyền thông số và Kỹ thuật đa phương tiện (Chương trình tiên tiến); Điện tử - Viễn thông - Hợp tác với ĐH Leibniz Hannover (Đức); Kỹ thuật (Chương trình liên kết vớ ĐH nước ngoài: Anh, Úc) (Nhóm ngành: Kỹ thuật điện tử - viễn thông, Kỹ thuật xây dựng)",7520207_NN;TLA124;F7520207;7520207A;7520207WE;7520207_WE;7520207_DKD;ET-E4;EEE3;EEE4;7520207VM;7520207;7520207_NN;ET1;QHT94;7520207_NN;EEE4;7520207SB;520207_SB;7510301;ET-E16;ET-LUH;DS04;AP05;IU05;108;7520207_THV;7520207KA;GHA22;GHA22BD;GHA22QT;GSA13;GSA13BD;ET-E4_A00;UTHKDV01A;7520207_Nam;7520207_Nu;7520207A;7520207B;7520207TN
4,Công nghệ thông tin - Tin học,42,Kỹ thuật Máy tính,Kỹ thuật Máy tính; Kỹ thuật máy tính (Thiết kế vi mạch bán dẫn); Kỹ thuật máy tính gồm 02 chuyên ngành: Công nghệ kỹ thuật máy tính; Công nghệ kỹ thuật vi mạch; CNTT: Kỹ thuật Máy tính; Tin học và Kỹ thuật máy tính; Kĩ thuật Máy tính,7480106;107;207;CN2;7480108C;IT2;QHQ04;307;7480108;GHA33;GSA06
4,Công nghệ thông tin - Tin học,43,Kỹ thuật phần mềm,Kỹ thuật phần mềm liên kết quốc tế - KNU; Kỹ thuật phần mềm; Kỹ thuật phần mềm (CTCLC); Kỹ thuật phần mềm (ngành Công nghệ thông tin); Kỹ thuật phần mềm -Chương trình dự bị đại học bằng tiếng Anh; Kỹ thuật phần mềm - Chương trình dự bị đại học bằng tiếng Anh; Kỹ thuật phần mềm - Chất lượng cao; Kỹ thuật phần mềm -Chương trình đại học bằng tiếng Anh; Kỹ thuật phần mềm (một số học phần chuyên ngành học bằng tiếng anh); Kỹ thuật phần mềm - Chương trình học tại Phân hiệu Khánh Hòa; Công nghệ thông tin (CN: Công nghệ phần mềm và Trí tuệ nhân tạo); Kỹ thuật phần mềm;,7480103;EP17;7480103_KNU;N7480103;TLA117;F7480103;D7480103;7480103C;ICT2;7480201C1;FA7480103;7480201S;SE;7480103_VN;7480103QT;7480103TA
4,Công nghệ thông tin - Tin học,44,Mạng máy tính & truyền thông dữ liệu,Mạng máy tính và truyền thông dữ liệu (chuyên ngành Mạng máy tính và truyền thông dữ liệu; Kỹ thuật thiết kế vi mạch và AI) – chương trình tiên tiến; Mạng máy tính và truyền thông dữ liệu - Chương trình tiên tiến; Mạng máy tính và truyền thông dữ liệu; Mạng máy tính & truyền thông dữ liệu; Kỹ thuật truyền thông & mạng máy tính; Mạng máy tính và truyền thông dữ liệu,CN15;7480102DKD;7480102DKK;7480102A;D119;7480102;7480102C;UTHMMT01A
4,Công nghệ thông tin - Tin học,45,Quản lý thông tin,Quản lý thông tin,7320205;QHX16
4,Công nghệ thông tin - Tin học,46,Robot và trí tuệ nhân tạo,Robot và Trí tuệ nhân tạo (hệ kỹ sư); Robot và trí tuệ nhân tạo; Robot và trí tuệ nhân tạo (Tiếng Việt); Robot và trí tuệ nhân tạo (đào tạo bằng tiếng Việt); Kỹ thuật robot và trí tuệ nhân tạo; Kỹ thuật robot và Trí tuệ nhân tạo (Một số học phần Chuyên ngành học bằng tiếng Anh); Kỹ thuật Robot và Điều khiển thông minh; Trí tuệ nhân tạo,7510209;7480107_01;7510209V;7520218;EEE-AI;TLA128;75102032;7520103_B;RT;
4,Công nghệ thông tin - Tin học,47,Thiết kế vi mạch,"Thiết kế Vi mạch; Thiết kế vi mạch; Thiết kế vi mạch và hệ thống nhúng; Công nghệ kỹ thuật điện, điện tử (Chương trình đào tạo Công nghệ thiết kế vi mạch)",7520207_NN;75202a1;108;DS05;75202A1;7510301_CNTKVM;258;752020a1;7520207T;7510302KTVM;7510302VM;75202a1TA
4,Công nghệ thông tin - Tin học,48,Thương mại điện tử,Thương mại điện tử; Thương mại điện tử (tiếng Anh); Thương mại điện tử (Tiếng Việt); Thương mại điện tử (đào tạo bằng tiếng Việt); Thương mại điện tử (Quản trị thương mại điện tử); Thương mại điện tử (Kinh doanh số); Thương mại điện tử (Chương trình Chất lượng cao); Thương mại điện tử (Kinh doanh số); Kinh doanh số; Chương trình ĐHNNQT Kinh doanh số,7340122;7340122-DN;7340122C;7340122DL;7340122_411;FIDT3;GTADCTD2;TLA405;7340122_411E;7340122V;IB05;KDQH2.4;7340122_CLC3;TM28;TM29;TM30;7340122_QT;TLS405;7340122BP;7340122S;7340122_01;7340122A;411;411E;CLC3-07;7340122TC;EC_1;EM
4,Công nghệ thông tin - Tin học,49,Truyền thông đa phương tiện,"Truyền thông đa phương tiện; Truyền thông đa phương tiện (dạy bằng tiếng Anh); Truyền thông đa phương tiện (Liên kết với đại học Công nghệ Queensland, Úc)",7320104DL;7320104;7320104_LK;7320104_CLC;QHX30;FIDT6;7320104_100;QHX29;73201041;732010401;732010402;7320104TC;7320104CL;7320104LK;BC7320104
35,Công nghiệp bán dẫn,528,Cơ học,Cơ học,7440110
35,Công nghiệp bán dẫn,529,Hóa học,Hóa học,7440112
35,Công nghiệp bán dẫn,530,Khoa học tính toán,Khoa học tính toán,7460107
35,Công nghiệp bán dẫn,27,Công nghệ thông tin,"Kỹ thuật phần mềm; Kỹ thuật phần mềm*; Công nghệ thông tin; Công nghệ thông tin (chuyên ngành Công nghệ phần mềm; An toàn thông tin; Trí tuệ nhân tạo); Công nghệ và đối mới sáng tạo; Công nghệ thông tin (kỹ sư); Công nghệ thông tin (03 chuyên ngành: Công nghệ phần mềm; Hệ thống thông tin; Truyền thông và Mạng máy tính); Nhóm ngành Công nghệ thông tin gồm 04 ngành và 01 chuyên ngành: Công nghệ thông tin; Kỹ thuật phần mềm; Khoa học máy tính; Hệ thống thông tin; Chuyên ngành: Quản lý đô thị thông minh và bền vững; Thiết kế đồ hoạ (CN); Mạng máy tính & an toàn thông tin (CN); Công nghệ phần mềm (CN); Công nghệ thông tin Chuyên ngành - Robot và Trí tuệ nhân tạo -Kỹ thuật phần mềm - Hệ thống thông tin - Mạng máy tính & An toàn thông tin; Công nghệ thông tin (dạy bằng tiếng Anh); Công nghệ thông tin – Truyền thông; Đồ họa máy tính (chuyên ngành); Công nghệ thông tin (Đặc thù - Hợp tác doanh nghiệp); Ngành Công nghệ thông tin; Công nghệ thông tin (CN thiết kế vi mạch bán dẫn); Kỹ sư công nghệ thông tin; Công nghệ thông tin (Chương trình chất lượng cao Công nghệ thông tin Việt -Anh); Công nghệ thông tin (Chương trình chất lượng cao Công nghệ thông tin Việt - Anh); Công nghệ thông tin TT; Công nghệ thông tin (dạy bằng tiếng Anh) - TT; Công nghệ thông tin/ Công nghê đa phương tiện; Công nghệ thông tin chất lượng cao; Công nghệ thông tin trọng điểm (CLC); Công nghệ thông tin (Công nghệ và Đổi mới sáng tạo); Công nghệ thông tin (Chương trình tăng cường tiếng Anh); Công nghệ thông tin và dữ liệu Tài nguyên môi trường; Công nghệ thông tin (Việt - Nhật); Nhóm ngành máy tính và Công nghệ thông tin; Công nghệ thông tin quốc tế; Công nghệ thông tin (Chương trình liên kết với ĐH Suny Binghamton) (2+2); Công nghệ thông tin Việt - Nhật; Công nghệ thông tin (Chương trinh liên kết với ĐH West of England) (4+0); Công nghệ thông tin (Chuyên ngành Công nghệ đa phương tiện); Công nghệ thông tin (chuyên ngành Công nghệ thông tin) – chương trình tiên tiến; Công nghệ thông tin - Chương trình tiên tiến; Công nghệ thông tin (chuyên ngành Công nghệ thông tin)– chương trình học hoàn toàn bằng tiếng Anh; Công nghệ thông tin - Chương trình học hoàn toàn bằng tiếng Anh; Công nghệ thông tin (chuyên ngành Khoa học dữ liệu và AI) – chương trình tiên tiến; Công nghệ thông tin (chuyên ngành Khoa học dữ liệu và AI) - Chương trình tiên tiến; Công nghệ thông tin (chuyên ngành Smart logistics) – chương trình tiên tiến; Công nghệ thông tin (chuyên ngành Smart logistics) - Chương trình tiên tiến; Công nghệ thông tin (chuyên ngành Công nghệ ô tô số) – chương trình tiên tiến; Công nghệ thông tin (chuyên ngành Công nghệ ô tô số) - Chương trình tiên tiến; Công nghệ thông tin (Tiếng Anh); Công nghệ thông tin (Chương trình đặc biệt); Công nghệ thông tin (ngoại ngữ Nhật); Công nghệ thông tin (đào tạo bằng tiếng Anh); Công nghệ thông tin (cử nhân); Công nghệ thông tin (Đặc thù - Hợp tác doanh nghiệp), chuyên ngành Khoa học dữ liệu và Trí tuệ nhân tạo; Công nghệ thông tin (CTCLC); Nhóm ngành Công nghệ thông tin Chương trình tăng cường tiếng Anh gồm 04 ngành: Công nghệ thông tin; Kỹ thuật phần mềm; Khoa học máy tính; Hệ thống thông tin.; Công nghệ thông tin (Chương trình đào tạo bằng tiếng Anh); Lập trình ứng dụng di động và game (ngành Công nghệ thông tin); Quản trị mạng và an toàn thông tin (ngành Công nghệ thông tin); Công nghệ thông tin (chương trình chất lượng cao); Công nghệ thông tin (Chương trình CLC); Công nghệ thông tin (cử nhân - Hợp tác doanh nghiệp); Công nghệ thông tin (cử nhân - Hựp tác doanh nghiệp); Công nghệ thông tin (Khu Hòa An); Công nghệ thông tin (Liên kết với Đài Loan); Công nghệ thông tin (PHNT); Công nghệ thông tin (chương trình Việt - Nhật); Công nghệ thông tin (Tiếng Việt); Công nghệ thông tin (đào tạo bằng tiếng Việt); Công nghệ phần mềm; Công nghệ thông tin (song bằng 2+2) - Chương trình dự bị liên kết Đại học La Trobe (Úc); Công nghệ thông tin (tăng cường tiếng Anh); Công nghệ thông tin (học tại Vĩnh Phúc); Công nghệ thông tin – ĐH Công nghệ thông tin và quản lý Ba Lan- UITM cấp bằng.; Công nghệ thông tin – ĐH Công nghệ thông tin và quản lý Ba Lan - UITM cấp bằng; Công nghệ thông tin (CLC); Công nghệ thông tin và Kỹ thuật số; Công nghệ thông tin Việt Nhật; Công nghệ Thông tin (Việt – Nhật); Công nghệ Thông tin (Global ICT); Công nghệ Thông tin (Việt-Pháp); Công nghệ Thông tin Việt - Nhật (ngành Công nghệ Thông tin); Công nghệ Thông tin Việt - Hàn (ngành Công nghệ Thông tin); Công nghệ thông tin (song bằng 2+2) - Chương trình liên kết Đại học La Trobe (Úc); Chương trình đào tạo kỹ sư chất lượng cao Việt - Pháp (PFIEV); Công nghệ thông tin ứng dụng; Công nghệ thông tin (dạy và học bằng Tiếng Anh); Công nghệ thông tin (CN: Công nghệ phần mềm và Trí tuệ nhân tạo); Công nghệ thông tin (CN: Trí tuệ nhân tạo và Internet vạn vật); Công nghệ thông tin (CN: Trí tuệ nhân tạo và Dữ liệu lớn);Công nghệ thông tin - Chuyên ngành Công nghệ Game; Kinh tế phát triển; Ngân hàng; Công nghệ thông tin và chuyển đổi số; Bảo hiểm tích hợp chứng chỉ ANZ1IF; Công nghệ thông tin trọng điểm",7480201_01;7480103;7480201_CLC;7480201-DN;7480201A;7480201B;7480201CT;7480201DKD;7480201DKK;7480201DL;7480201KMA;7480201N;7480201PH;7480201_CLC;CN1;D114;GTADCIT2;GTADCTT2;GTADCTTI;ICT1;IT;IT01;TLA106;GTADKTT2;7480201QT;7480201CLC;7480201C;7480201_SB;748020l_SB;7480201WE4;7480201_WE4;7480201_DKD;748020l_DKD;7480201-1;748020106A;748020101A;748020101E;748020104A;748020105A;7480201_CNST;7480201DT;7480201_UDU;480201_UDU;7480201V;7480201TT;TA7480201;IT-E7;GTADCTT1;7480201H;7480201_LK;7480201LKĐTNN;DK7480101L;K7480101L;GTADATT2;7480201V;7480201_N;7480201_N;7480201N;IT-E6;IT-EP;7480201_DLMT;IT-VK;7480201_VNH;IT-VJ;ICT-VJ;H114;7480201_QT;7480201C2;7480201_NN;7480201C3;PFIEV;QHQ10;HVN14;D118;7480201S;7480201I;7480201GT;7480104;7480201_CLC1;7480201_VN;IU03;AP03;7480201_Nam;7480201.2;416;7480201_LK;7480201_UDU;DTV-7480201-01;7480201LKDTNN;748020107A;7480201C1;7480201_A;TLS106;7480201_1;7480201_TD;7480201VJ;7480201BP;7480201_02;7480201B;7480201;7480201_2;7480201-01;CLC1-03;7480201VN;7480201KA;HC1301;74802011;GHA14;GHA14QT;GSA07;A1TC;748020101;748020103;7480201HQ;7480201TC;XDA26;XDA27;XDA28;UTHGIT01V;UTHUIT01A;UTHUIT02A;UTHUIT02V;UTHUIT03A;UTHUIT04A;UTHUIT05A;UTHUIT05E;7480201TN;7480201CL;7480201LK;7480201UD
35,Công nghiệp bán dẫn,28,An toàn thông tin,An toàn thông tin; An toàn thông tin (kỹ sư); An toàn thông tin (Tiếng Việt); An toàn thông tin (đào tạo bằng tiếng Việt); An toàn không gian số - Cyber security (CT tiên tiến); An ninh mạng; An toàn không gian mạng,7480202;74802021;7480202KMA;7480202KMP;ICT4;7480202V;TLA127;IT-E15;DS03;7480202_CLC;7480201_02;7480202TA;7480202KA;7480202KP;7480202CL
35,Công nghiệp bán dẫn,31,Khoa học Máy tính,"Khoa học Máy tính; Khoa học dữ liệu (Data Science); Khoa học dữ liệu; Chuyên ngành Khoa học dữ liệu thuộc ngành Khoa học máy tính; Khoa học máy tính (định hướng Khoa học dữ liệu); Khoa học máy tính (02 chuyên ngành: Trí tuệ nhân tạo; Khoa học dữ liệu); Khoa học máy tính (CSE); Khoa học Máy tính (Khoa học dữ liệu, Trí tuệ nhân tạo); Khoa học Máy tính (Công nghệ phần mềm; Mạng máy tính và an ninh); Khoa học máy tính (AI & Big Data); Khoa học máy tính (Chương trinh đào tạo liên kết với Đại học Mississippi - Hoa Kỳ); Khoa học máy tính (Chương trình Tiên tiến); Khoa học máy tính (Chương trình liên kết với DH West of England) (2+2); Khoa học máy tính (Chương trình liên kết với ĐH West of England) (2+2); Khoa học Máy tính – Chuyên ngành Công nghệ Phần mềm; Khoa học Máy tính - Chuyên ngành Công nghệ Phần mềm; Khoa học máy tính CLC; Khoa học máy tính Chất lượng cao; Khoa học và Kỹ thuật máy tính; Khoa học máy tính - Chương trình dự bị đại học bằng tiếng Anh; Khoa học máy tính - Chương trình đại học bằng tiếng Anh; Tài năng khoa học máy tính; CNTT: Khoa học Máy tính; Khoa học máy tính (đơn bằng 2+2) - Chương trình liên kết Đại học Kỹ thuật Ostrava (Cộng hòa Séc); Chương trình ĐHNNQT Khoa học máy tính và dữ liệu trong kinh tế và kinh doanh; Ngành Khoa học máy tính; Khoa học máy tính và thông tin; Khoa học Máy tính - hợp tác với ĐH Troy (Hoa Kỳ)",7480101;106;206;266;7480101_CLC;CN8;CS;ICT3;N7480101F;FA7480101;D7480101;7480101-SE;7480101-CSE;TROY-IT;7480101_QT;7580201_QT7480101WE2;7480101_WE2;7480101_TT;K7480101T;7480101C;NTH10;KHMH2.1;7460108;IT1;QHT98;7480204;ICT-TN;7480101TA;IU03;AP03;306;KS1-7480101;DK7480101T;F7480101;N7480101;NTH.CN.H18;NTH.CN.H18_1;NTH.CN.H18_2;NTH.CN.H18_3;7480101-CS;MI-E22;NT.CN.H18_1;TM51;GHA13;NTHCN18_TH;VJU2;7480101_1;XDA29;XDA44
35,Công nghiệp bán dẫn,32,Trí tuệ nhân tạo,Trí tuệ nhân tạo; Trí tuệ nhân tạo và giao thông thông minh; Trí tuệ nhân tạo và khoa học dữ liệu; Công nghệ kỹ thuật điện tử - viễn thông (CN: Điện tử ứng dụng Trí tuệ nhân tạo và Internet vạn vật); Công nghệ kỹ thuật điện tử - viễn thông (CN: Điện tử viễn thông và Trí tuệ nhân tạo); Công nghệ thông tin (CN: Công nghệ phần mềm và Trí tuệ nhân tạo); Công nghệ thông tin (CN: Trí tuệ nhân tạo và Internet vạn vật); Công nghệ thông tin (CN: Trí tuệ nhân tạo và Dữ liệu lớn); Trí tuệ nhân tạo - Chuyên ngành Phân tích dữ liệu; Trí tuệ nhân tạo vạn vật (AIoT); Trí tuệ nhân tạo trong tài chính kế toán; Trí tuệ nhân tạo trong tài chính kế toán; Trí tuệ nhân tạo ứng dụng,7480107DL;7480207;CN12;EP16;ICT5;GTADCTG2;TLA126;7510302A;7510302V;7480201S;7480201I;7480107DA;7520207_AIoT;7480201_HL;DS02;406;AI;7480201_2;7480107;7480201B;7480107_QT;7520207_AIoT;HC13.01;NT.CN.H18_2;GHA15;NTHCN18;7520207AT
35,Công nghiệp bán dẫn,33,Công nghệ kỹ thuật điện tử - viễn thông,"Công nghệ kỹ thuật điện tử - viễn thông; Công nghệ kỹ thuật điện tử viễn thông; Công nghệ kĩ thuật điện tử - vìễn thông; Công nghệ kỹ thuật điện tử - viễn thông gồm 03 chuyên ngành: Điện tử công nghiệp; Điện tử viễn thông; IOT và Trí tuệ nhân tạo ứng dụng; Công nghệ kỹ thuật điện tử -viễn thông; Điện tử - viễn thông; Công nghệ kỹ thuật điện tử - viễn thông (CN: Thiết kế vi mạch); CNKT Điện tử viễn thông; Kỹ thuật điện tử - viễn thông; Công nghệ kỹ thuật điện tử y sinh; Công nghệ kỹ thuật điện tử - viễn thông (chuyên ngành Thiết kế vi mạch bán dẫn); Công nghệ kỹ thuật điện tử - viễn thông (Tiếng Anh); Công nghệ kỹ thuật điện tử - viễn thông (đào tạo bằng tiếng Anh); Công nghệ kỹ thuật điện tử - viễn thông Chương trình tăng cường tiếng Anh gồm 02 chuyên ngành: Điện tử công nghiệp; Điện tử viễn thông; Công nghệ kỹ thuật điện tử - viễn thông (Việt - Nhật); Công nghệ kỹ thuật điện tử; viễn thông (chương trình Việt - Nhật); Chương trình đào tạo Kỹ thuật Thiết kế Vi mạch - thuộc ngành CNKT ĐT - Viễn thông (đào tạo bằng tiếng Việt); Công nghệ kỹ thuật điện tử - viễn thông (Tiếng Việt); Công nghệ kỹ thuật điện tử; viễn thông (đào tạo bằng tiếng Việt); Kỹ thuật Thiết kế Vi mạch - thuộc ngành Công nghệ KT Điện tử - Viễn thông (Tiếng Việt); Công nghệ KT điện tử – viễn thông; Công nghệ kỹ thuật điện tử – viễn thông; Điện tử viễn thông; Điện tử - Viễn thông - ĐH Leibniz Hannover (CHLB Đức); Công nghệ kỹ thuật Điện tử - Viễn thông (tăng cường tiếng Nhật, định hướng thực tập và làm việc tại Nhật Bản); Công nghệ kỹ thuật điện tử - viễn thông (CN: Điện tử ứng dụng Trí tuệ nhân tạo và Internet vạn vật); Công nghệ kỹ thuật điện tử - viễn thông (CN: Điện tử viễn thông và Trí tuệ nhân tạo);",7510302;7510302TKVM;7510302DKD;7510302DKK;CN9;GTADCDT1;7510302A;GTADNDT2;7510302V;7510302N;7510302C;7520220V;75103021;ET-LUH;D104;7510302TA;7510302A;7510302V;GTADCDT2;GTADCDTJ2;EC;ET_1
35,Công nghiệp bán dẫn,34,Công nghệ kỹ thuật máy tính,Công nghệ kỹ thuật máy tính; Công nghệ kỹ thuật máy tính (kỹ sư); Kỹ thuật máy tính gồm 02 chuyên ngành: Công nghệ kỹ thuật máy tính; Công nghệ kỹ thuật vi mạch; Kỹ thuật máy tính; Công nghệ kỹ thuật máy tính (Tiếng Anh); Công nghệ kỹ thuật máy tính (đào tạo bằng tiếng Anh); Công nghệ kỹ thuật máy tính (cử nhân); Công nghệ kỹ thuật máy tính - chuyên ngành Thiết kế vi mạch bán dẫn (kỹ sư); Công nghệ kỹ thuật máy tính (Tiếng Việt); Công nghệ kỹ thuật máy tính (đào tạo bằng tiếng Việt); Công nghệ kỹ thuật máy tính - Chuyên ngành Thiết kế vi mạch bán dẫn; Công nghệ kỹ thuật máy tính - Chuyên ngành Kỹ thuật phần mềm ô tô,7480108;7480108DKD;7480108DKK;7480108IC;7480108B;7480108A;7480108V;7480108C;7480108AS
35,Công nghiệp bán dẫn,38,Hệ thống thông tin,Hệ thống thông tin quản lý; Hệ thống thông tin quản lý (Chuyên ngành: Công nghệ Thương mại điện tử); Hệ thống thông tin kinh doanh; Hệ thống thông tin quản lý (Chuyên ngành Hệ thông thông tin quản lý); Hệ thống thông tin quản lý (Chưong trình Co-operative Education); Hệ thống thông tin quản lý (Chưong trình Co-operativeEducation); Hệ thống thông tin quản lý (CT Co - operative Education); Hệ thống thông tin quản lý (kinh doanh số và Trí tuệ nhân tạo); Hệ thống thông tin quản lý (Chuyên ngành Kinh doanh số và Trí tuệ nhân tạo); Hệ thống thông tin quản lý (Tiếng Anh bán phần); Kinh tế quốc tế (Tiếng Anh bán phần); Hệ thống thông tin quản lý – chương trình tiên tiến; Hệ thống thông tin quản lý - Chương trình tiên tiến; Hệ thống thông tin; Hệ thống thông tin (CT tiên tiến); Hệ thống thông tin (CTCLC); Hệ thống thông tin quản lý (Quản trị Hệ thống thông tin); Hệ thống thông tin quản lý (Quản trị Hệ thống thông tin - Chương trinh định hướng nghề nghiệp); Chuyên ngành Hệ thống thông tin thương mại điện tử thuộc ngành Hệ thống thông tin,7480104;CN14;GTADCHT2;TLA116;7480104_TT;7480104C;7340405_01;7340405_TABP;7340405_406;MI2;QHQ03;7340405A;7340405_406H;7340405_416;7480104-01-HàNội;7480104-HàNội;DS02;7480104TT;74814HN
35,Công nghiệp bán dẫn,39,Khoa học dữ liệu và Trí tuệ nhân tạo,Khoa học Dữ liệu; Khoa học dữ liệu – chương trình tiên tiến; Khoa học dữ liệu - Chương trình tiên tiến; Khoa học dữ liệu và trí tuệ nhân tạo (Hệ Cử nhân); Khoa học dữ liệu và trí tuệ nhân tạo (Hệ Kỹ sư); Khoa học dữ liệu trong KT & KD (DSEB); Khoa học dữ liệu trong KT & KĐ (DSEB); Khoa học dữ liệu trong Kinh tế & Kinh doanh (DSEB); Khoa học dữ liệu và Trí tuệ nhân tạo (CT tiên tiến); Trí tuệ nhân tạo và khoa học dữ liệu; Khoa học dữ liệu trong kinh tế và kinh doanh,7460108;TLA126;IT-E10;7480112;7480112KS;146;7460104;7460108DKD;7460108DKK;746108;EP15;QHT93;7460108A;EP03;7460108.2;CN20;7460108_NN;KS1-7460108;TLS126;7460108_01;7460108S;7480201_02;HC14.01;DS01;NT.CN.H18_3;7460108_DKD;7460108TA;HC1412;PAS1;NTHCN18_KHDL;7460108TC;XDA30;UTHKDL01A
35,Công nghiệp bán dẫn,41,Kỹ thuật điện tử - viễn thông,"Kỹ thuật điện tử - viễn thông; Kỹ thuật điện tử - viễn thông (chuyên ngành Công nghệ nhúng và IoT, chuyên ngành vi mạch bán dẫn, chuyên ngành Hệ thống viễn thông); Kỹ thuật điện tử - viễn thông; Kỹ thuật Điện tử viễn thông; Kĩ thuật điện tử - viễn thông (Thiết kế vi mạch); Kỹ thuật điện tử - viễn thông (Chuyên ngành Công nghệ điện từ, bản dẫn và vi mạch); Kỹ thuật điện tử – viễn thông; Kỹ thuật điện tử - viễn thông (Chuyên ngành: Công nghệ điện tử, bán dẫn và vi mạch); Kỹ thuật điện từ - viễn thông (Chương trình tăng cường tiếng Anh); Nhóm ngành Kỹ thuật điện tử - viễn thông, Thiết kế vi mạch; Nhóm ngành Kỹ thuật điện tử -viễn thông, Thiết kế vi mạch; Kỹ thuật điện tử (Chương trình liên kết với ĐH Suny Binghamton) (2+2); Kỹ thuật điện tử - viễn thông (Chương trình liên kết với ĐH West of England) (2+2); Kỹ thuật điện tử – viễn thông (Chương trình liên kết với ĐH West of England) (2+2); Kỹ thuật điện tử – viễn thông – chương trình tiên tiến; Kỹ thuật điện tử - viễn thông, chuyên ngành vi điện tử - thiết kế vi mạch; Kỹ thuật điện tử - viễn thông, chuyên ngành vi điện tử - thiết kế vi mạch; Kỹ thuật điện tử - viễn thông - Chương trình tiên tiến; Chương trình tiên tiến Việt - Mỹ ngành Kỹ thuật Điện tử viễn thông; Chương trình tiên tiến Việt-Mỹ ngành Kỹ thuật Điện tử viễn thông; Kỹ thuật điện tử - viễn thông (Hệ thống nhúng thông minh và Iot); Kỹ thuật điện tử - viễn thông (thiết kế vi mạch bán dẫn); Kỹ thuật Điện tử - Viễn thông (CT tiên tiến); Kỹ thuật Điện tử-Viễn thông; Kỹ thuật điện tử - viễn thông - Chất lượng cao; Kỹ thuật điện tử và tin học; Truyền thông số và Kỹ thuật đa phương tiện (Chương trình tiên tiến); Điện tử - Viễn thông - Hợp tác với ĐH Leibniz Hannover (Đức); Kỹ thuật (Chương trình liên kết vớ ĐH nước ngoài: Anh, Úc) (Nhóm ngành: Kỹ thuật điện tử - viễn thông, Kỹ thuật xây dựng)",7520207_NN;TLA124;F7520207;7520207A;7520207WE;7520207_WE;7520207_DKD;ET-E4;EEE3;EEE4;7520207VM;7520207;7520207_NN;ET1;QHT94;7520207_NN;EEE4;7520207SB;520207_SB;7510301;ET-E16;ET-LUH;DS04;AP05;IU05;108;7520207_THV;7520207KA;GHA22;GHA22BD;GHA22QT;GSA13;GSA13BD;ET-E4_A00;UTHKDV01A;7520207_Nam;7520207_Nu;7520207A;7520207B;7520207TN
35,Công nghiệp bán dẫn,42,Kỹ thuật Máy tính,Kỹ thuật Máy tính; Kỹ thuật máy tính (Thiết kế vi mạch bán dẫn); Kỹ thuật máy tính gồm 02 chuyên ngành: Công nghệ kỹ thuật máy tính; Công nghệ kỹ thuật vi mạch; CNTT: Kỹ thuật Máy tính; Tin học và Kỹ thuật máy tính; Kĩ thuật Máy tính,7480106;107;207;CN2;7480108C;IT2;QHQ04;307;7480108;GHA33;GSA06
35,Công nghiệp bán dẫn,43,Kỹ thuật phần mềm,Kỹ thuật phần mềm liên kết quốc tế - KNU; Kỹ thuật phần mềm; Kỹ thuật phần mềm (CTCLC); Kỹ thuật phần mềm (ngành Công nghệ thông tin); Kỹ thuật phần mềm -Chương trình dự bị đại học bằng tiếng Anh; Kỹ thuật phần mềm - Chương trình dự bị đại học bằng tiếng Anh; Kỹ thuật phần mềm - Chất lượng cao; Kỹ thuật phần mềm -Chương trình đại học bằng tiếng Anh; Kỹ thuật phần mềm (một số học phần chuyên ngành học bằng tiếng anh); Kỹ thuật phần mềm - Chương trình học tại Phân hiệu Khánh Hòa; Công nghệ thông tin (CN: Công nghệ phần mềm và Trí tuệ nhân tạo); Kỹ thuật phần mềm;,7480103;EP17;7480103_KNU;N7480103;TLA117;F7480103;D7480103;7480103C;ICT2;7480201C1;FA7480103;7480201S;SE;7480103_VN;7480103QT;7480103TA
35,Công nghiệp bán dẫn,44,Mạng máy tính & truyền thông dữ liệu,Mạng máy tính và truyền thông dữ liệu (chuyên ngành Mạng máy tính và truyền thông dữ liệu; Kỹ thuật thiết kế vi mạch và AI) – chương trình tiên tiến; Mạng máy tính và truyền thông dữ liệu - Chương trình tiên tiến; Mạng máy tính và truyền thông dữ liệu; Mạng máy tính & truyền thông dữ liệu; Kỹ thuật truyền thông & mạng máy tính; Mạng máy tính và truyền thông dữ liệu,CN15;7480102DKD;7480102DKK;7480102A;D119;7480102;7480102C;UTHMMT01A
35,Công nghiệp bán dẫn,46,Robot và trí tuệ nhân tạo,Robot và Trí tuệ nhân tạo (hệ kỹ sư); Robot và trí tuệ nhân tạo; Robot và trí tuệ nhân tạo (Tiếng Việt); Robot và trí tuệ nhân tạo (đào tạo bằng tiếng Việt); Kỹ thuật robot và trí tuệ nhân tạo; Kỹ thuật robot và Trí tuệ nhân tạo (Một số học phần Chuyên ngành học bằng tiếng Anh); Kỹ thuật Robot và Điều khiển thông minh; Trí tuệ nhân tạo,7510209;7480107_01;7510209V;7520218;EEE-AI;TLA128;75102032;7520103_B;RT;
35,Công nghiệp bán dẫn,531,Kỹ thuật vật liệu kim loại,Kỹ thuật vật liệu kim loại,7520310
35,Công nghiệp bán dẫn,118,An ninh mạng và phòng chống tội phạm công nghệ cao,Ngành An ninh mạng và phòng chống tội phạm công nghệ cao,7860114;7860114_B;7860114_N;7480208;7860114_Nam_B;7860114_Nam_N;7860114_Nu_B;7860114_Nu_N
35,Công nghiệp bán dẫn,208,Công nghệ kỹ thuật cơ khí,"Công nghệ kỹ thuật cơ khí; Công nghệ kỹ thuật cơ khí (chuyên ngành Cơ khí chế tạo); Công nghệ kỹ thuật cơ khí; Công nghệ kỹ thuật khuôn mẫu (chuyên ngành); Công nghệ kỹ thuật cơ khí (chuyên ngành Cơ khí chế tạo); Công nghệ kỹ thuật cơ khí (Cơ điện tử); Công nghệ kỹ thuật cơ khí (Tiếng Anh); Công nghệ kỹ thuật cơ khí – chương trình tiên tiến; Công nghệ kỹ thuật cơ khí - Chương trình tiên tiến; Công nghệ kỹ thuật cơ khí (đào tạo bằng tiếng Anh); Công nghệ kỹ thuật cơ khí (CTNC); Công nghệ kỹ thuật cơ khi (Tiếng Việt); Công nghệ kỹ thuật cơ khí (đào tạo bằng tiếng Việt); Kế toán doanh nghiệp, Cơ khí chế tạo máy",7510201;7510201C;7510201DKD;7510201DKK;7510201NB;7510201_CLC;7510201_NB;GTADCCK2;7510201A;7510201V;7510201V;7510201TA;7520103_A;7510201C1;7510201_1;7510201;7510201BP;7510201TDA;QUANSU_B;QUANSU_N;7510201DS;A1CN;7510201HQ;7510201TC;UTHCCK01A
35,Công nghiệp bán dẫn,212,Kỹ thuật cơ điện tử,Kỹ thuật Cơ Điện tử; Kĩ thuật Cơ điện tử; Kỹ thuật cơ – điện tử; Kỹ thuật Cơ - Điện tử; Kỹ thuật cơ điện tử (Cơ điện tử thông minh và sản xuất theo phuơng thức Nhật Bản); Cơ điện tử thông minh và sản xuất theo phương thức Nhật Bản; Cơ điện tử; Kỹ thuật Cơ điện tử (CT tiên tiến); Cơ điện tử - hợp tác với ĐH Leibniz Hannover (CHLB Đức); Cơ điện tử - hợp tác với ĐHCN Nagaoka (Nhật Bản); Cơ điện tử ô tô,7520114;110;210;7520114;D117;ME1;MEM1;TLA120;ME-E1;7520119;ME-LUH;ME-NUT;VEE2;DS08;310;7510202_1;VJU3;XDA35;7520114TN
35,Công nghiệp bán dẫn,213,Kỹ thuật cơ khí,"Kỹ thuật Cơ khí; Thiết kế cơ khí và kiểu dáng công nghiệp; Kỹ thuật cơ khí/ Máy xây dựng; Kỹ thuật cơ khí/ Kỹ thuật cơ điện; Kỹ thuật cơ khí/ Kỹ thuật ô tô; Kỹ thuật cơ khí (Cơ khí chế tạo máy); Kỹ thuật cơ khí (02 chuyên ngành: Kỹ thuật cơ khí; Thiết kế và chế tạo số); Kỹ thuật cơ khí (MEN); Kỹ thuật cơ khí (Chương trình chất lượng cao Cơ khí ô tô Việt - Anh); Kỹ thuật Cơ khí, chuyên ngành Cơ khí động lực; Kỹ thuật cơ khí (chuyên ngành Quản lý và khai thác Máy xếp dỡ – Xây dựng; Cơ khí tự động) – chương trình tiên tiến; Kỹ thuật Cơ khí, chuyên ngành Cơ khí động lực; Kỹ thuật cơ khí- Chương trình tiên tiến; Kỹ thuật Cơ khí, chuyên ngành Cơ khí hàng không; Kỹ thuật cơ khí - Chương trình tiên tiến; Cơ khí Chế tạo máy – hợp tác với trường ĐH Griffith (Úc); Cơ khí hàng không (Chương trình Việt - Pháp PFIEV); Nhóm ngành Kỹ thuật cơ khí (Gồm các ngành: Kỹ thuật cơ khí, Công nghệ chế tạo máy); Kĩ thuật cơ khí",7520103;109;209;D116;HVN05;ME2;MEM2;7905218;7520103QT;7520103A;7520103B;TLA105;7520101_03;7520103_03;7520101_04;7520103_04;7520101_01;7520103_01;ME-GU;TE-EP;7510213;309;752010304A;752010308A;752010309A;7520103MP;GHA16;GHA16QT;A1CK;XDA31;XDA32;XDA33;XDA34;UTHKCK01A;UTHKCK02A;UTHKCK03A;7520103C;7520103E
35,Công nghiệp bán dẫn,216,Vật lý Kỹ thuật,Vật lý Kỹ thuật; Cơ kỹ thuật; Kỹ thuật Hạt nhân; Vật lý Kĩ thuật; Vật lí Kỹ thuật; Vật lí Kĩ thuật,137;CN3;CN4;PH1;PH2;7520401V
35,Công nghiệp bán dẫn,217,Cơ Kỹ thuật,Cơ Kỹ thuật,7520101;138;268;CN4
35,Công nghiệp bán dẫn,218,Kỹ thuật công nghiệp,Kỹ thuật công nghiệp; Bảo dưỡng Công nghiệp; Thiết kế cơ khí và kiểu dáng công nghiệp; Kỹ thuật công nghiệp (Tiếng Việt); Kỹ thuật công nghiệp (đào tạo bằng tiếng Việt); Máy & tự động hóa xếp dỡ; Máy & tự động công nghiệp; Quản lý kỹ thuật công nghiệp,D131;D128;D128;141;D109;7510213;7520117V;7520117
35,Công nghiệp bán dẫn,220,Công nghệ kỹ thuật cơ điện tử,Công nghệ kỹ thuật cơ điện tử; Công nghệ kỹ thuật cơ - điện tử; Công nghệ kỹ thuật - cơ điện tử; Công nghệ kỹ thuật cơ điện tử (Tiếng Anh); Công nghệ kỹ thuật cơ điện tử (đào tạo bằng tiếng Anh); Công nghệ kỹ thuật cơ điện tử (Tiếng Việt); Công nghệ kỹ thuật cơ điện tử (đào tạo bằng tiếng Việt); Công nghệ kỹ thuật cơ – điện tử,7510203;7510203C;7510203DKD;7510203DKK;7510203_CLC;7510203A;7510203V;CN6;GTADCCN2;7510204;GTADCCO2;7520103_C;7510201_A;7510203_01;7510203HQ;7510203TC
35,Công nghiệp bán dẫn,221,"Công nghệ kỹ thuật điện, điện tử","Công nghệ kỹ thuật điện, điện tử; Công nghệ kỹ thuật điện; điện tử; Công nghệ kỹ thuật điện - điện tử; Công nghệ Kỹ thuật điện, điện tử *; Công nghệ kĩ thuật điện, điện tử; Công nghệ kỹ thuật điện, điện tử gồm 02 chuyên ngành: Công nghệ kỹ thuật điện, điện tử; Năng lượng tái tạo; Công nghệ kỹ thuật điện – điện tử; Thiết kế vi mạch bán dẫn (CN); Công nghệ kỹ thuật Điện - Điện điện tử; Kỹ thuật điện, điện tử; Công nghệ kỹ thuật điện (chuyên ngành); Hệ thống điện (chuyên ngành); Công nghệ điện lạnh và điều hoà không khí (chuyên ngành); Công nghệ kỹ thuật Điện;Điện tử; Công nghệ kỹ thuật điện; điện tử gồm 02 chuyên ngành: Công nghệ kỹ thuật điện; điện tử; Năng lượng tái tạo; Công nghệ kỹ thuật điện, điện tử (Hệ thống điện, Điện công nghiệp); Công nghệ kỹ thuật điện, điện tử (chuyên ngành Công nghệ kỹ thuật điện tử); Công nghệ kỹ thuật điện, điện tử (Tiếng Anh); Công nghệ kỹ thuật điện; điện tử (đào tạo bằng tiếng Anh); Công nghệ kỹ thuật điện, điện tử (chuyên ngành Công nghệ kỹ thuật điện); Điều khiển và tự động hóa (ngành Công nghệ kỹ thuật điện, điện tử); Công nghệ kỹ thuật điện, điện tử (Tiếng Việt); Công nghệ kỹ thuật điện; điện tử (đào tạo bằng tiếng Việt); Công nghệ kỹ thuật điện tử y sinh; Công nghệ cơ điện công trình; Chương trình đào tạo kỹ sư chất lượng cao Việt - Pháp (PFIEV); Công nghệ kỹ thuật điện, điện tử (Chương trình đào tạo Công nghệ thiết kế vi mạch)",7510301;7510301DL;7510301DKD;7510301DKK;7510301NB;7510301_CLC;7510301_NB;7510301B;7510301A;7510301V;7510301V;7510301C;7510301C2;PFIEV;7580210_2;75103021;7510301TA;7510301_CNTKVM;1383;DTV-7510301-01;7510301C1;7510301_1;7510301_2;7510301_3;7510301BP;A1DC;752020101;7510301HQ;7510301TC;VJU8
35,Công nghiệp bán dẫn,222,Công nghệ kỹ thuật điều khiển và tự động hóa,Công nghệ kỹ thuật điều khiển và tự động hóa; Công nghệ kỹ thuật điều khiển và tự động hóa (chuyên ngành công nghệ bán dẫn); Tự động hóa gồm 02 chuyên ngành: Công nghệ kỹ thuật điều khiển và tự động hóa; Robot và hệ thống điều khiển thông minh; CNKT điều khiển & tự động hoá; Công nghệ kỹ thuật điều khiển và TĐH; Tự động hóa; Công nghệ kỹ thuật điều khiển và tự động hóa (Tiếng Anh); Công nghệ kỹ thuật điều khiển và tự động hóa – chương trình tiên tiến; Công nghệ kỹ thuật điều khiển và tự động hóa - Chương trình tiên tiến; Công nghệ kỹ thuật điều khiển và tự động hóa (đào tạo bằng tiếng Anh); CNKT điều khiển và tự động hoá; Công nghệ kỹ thuật điều khiển và tự động hóa (đào tạo 2 năm đầu tại Kon Tum); Công nghệ kỹ thuật điều khiển và tự động hóa (chuyên ngành công nghệ bán dẫn) (Liên kết với Đài Loan); Công nghệ kỹ thuật điều khiển và tự động hóa (Tiếng Việt); Công nghệ kỹ thuật điều khiển và tự động hóa (đào tạo bằng tiếng Việt); Công nghệ kỹ thuật điều khiển và tự động hóa (CN: Thiết bị bay không người lái và Robotics); Công nghệ kỹ thuật điều khiển và tự động hóa (CN: Điện tự động cảng hàng không),7510303;7510303DKD;7510303DKK;7510303_CLC;7510303_NB;7510303DL;7510303LKĐTNN;7510303KT;7510303A;7510303A;7510303V;7510303U;7520216;7510303LKDTNN;7510303BP;A1GK;A1GT;751030301;751030302;7510303HQ;7510303NB;7510303TC;XDA37;UTHCDK01A;UTHKDK01A;UTHKDK02A;UTHKDK03A;UTHKDK04A;7520216-DN;7520216TN
35,Công nghiệp bán dẫn,223,Kỹ thuật điện,"Kỹ thuật điện (ngành Công nghệ kỹ thuật điện, điện tử); Kỹ thuật điện; Kỹ thuật Điện; Kĩ thuật điện; Kỹ thuật điện (chuyên ngành Kỹ thuật điện, điện tử); Kỹ thuật điện (chuyên ngành Điện công nghiệp; Hệ thống điện giao thông; Năng lượng tái tạo); Kỹ thuật điện và Năng lượng tái tạo; Kỳ thuật điện (chuyên ngành Kỹ thuật điện; điện tử); Kỹ thuật điện (CTCLC); Kỹ thuật điện - Chương trình tiên tiến; Kỹ thuật điện - Chất lượng cao",7520201;EE1;TLA112;F7520201;7905228;7520201C;7510301C1;7520201ĐS;108;GHA21;GHA21DS;GSA12;A1DH;A1DT;EE1_A00;XDA36;UTHKTD01A;7520201TN
35,Công nghiệp bán dẫn,226,Kỹ thuật Nhiệt,Kỹ thuật Nhiệt; Kĩ thuật nhiệt; Kỹ thuật nhiệt lạnh,7520115;140;HE1;D123;GHA18;7520115A
35,Công nghiệp bán dẫn,227,Công nghệ kỹ thuật nhiệt,Công nghệ kỹ thuật nhiệt; Công nghệ kỹ thuật nhiệt (chuyên ngành Nhiệt - Điện lạnh); Nhóm ngành Công nghệ kỹ thuật nhiệt gồm 02 chuyên ngành: Công nghệ kỹ thuật nhiệt; Công nghệ kỹ thuật năng lượng; Công nghệ kỹ thuật nhiệt (Điện lạnh); Công nghệ kỹ thuật nhiệt (CN: Nhiệt - điện lạnh); Công nghệ kỹ thuật nhiệt (chuyên ngành Nhiệt - Điện lạnh); Công nghệ kỹ thuật nhiệt gồm 02 chuyên ngành: Công nghệ kỹ thuật nhiệt; Công nghệ kỹ thuật năng lượng; Kỹ thuật quy trình và môi trường (Kỹ thuật quy trình sản xuất bền vững) (EPE); Công nghệ kỹ thuật nhiệt (Tiếng Anh); Công nghệ kỹ thuật nhiệt (đào tạo bằng tiếng Anh); Công nghệ kỹ thuật nhiệt (Việt - Nhật); Công nghệ kỹ thuật nhiệt (chương trình Việt - Nhật); Công nghệ kỹ thuật nhiệt (Tiêng Việt); Công nghệ kỹ thuật nhiệt (đào tạo bằng tiếng Việt),7510206;7510206N;7510206A;7510206V;7510206C;7510206TC
35,Công nghiệp bán dẫn,228,Kỹ thuật Robot,Kỹ thuật Robot; Kỹ thuật Robot và Điều khiển thông minh,7520107;211;CN17;TLA128;GHA24;7520107TC
35,Công nghiệp bán dẫn,234,Kỹ thuật Điện - Điện tử,"Điện - Điện tử - Viễn thông - Tự động hóa -Thiết kế Vi mạch; Điện - Điện tử - Viễn thông - Tự động hóa -Thiết kế Vi mạch (Nhóm ngành); Kỹ thuật Điện - Điện tử; Kỹ thuật điện – điện tử (song bằng 2.5+1.5) - Chương trình dự bị liên kết Đại học khoa học ứng dụng Saxion (Hà Lan); Kỹ thuật điện, Điện tử và Tự động hoá; Kỹ thuật điện – điện tử (song bằng 2.5+1.5) - Chương trình liên kết Đại học khoa học ứng dụng Saxion (Hà Lan); Kỹ thuật Vi điện tử và Công nghệ nano; Kỹ thuật điện tử và tin học; Kỹ thuật điện, điện tử",7520215;208;DK7520201;K7520201;HVN06;QHT94;MS2;308;108_QT
35,Công nghiệp bán dẫn,258,Kỹ thuật Vật liệu,Kỹ thuật Vật liệu; Kỹ thuật Vật liệu Công nghệ cao; Kĩ thuật Vật liệu; Khoa học và kỹ thuật vật liệu (CT tiên tiến),129;7520309;MS1;229;MS-E3;XDA38
35,Công nghiệp bán dẫn,259,Công nghệ vật liệu,Công nghệ vật liệu (chuyên ngành Hóa học Vật liệu mới); Công nghệ Vật liệu; Công nghệ vật liệu (chuyên ngành Hóa học Vật liệu mới); Công nghệ Vật liệu – Chuyên ngành Công nghệ Nano; Công nghệ vật liệu (Tiếng Việt); Công nghệ vật liệu (đào tạo bằng tiếng Việt); Công nghệ vật liệu Polyme và Compozit,7510402;7510402V;MS3;CN19;7510402A;7510402_DKD
35,Công nghiệp bán dẫn,260,Khoa học Vật liệu,Khoa học Vật liệu; Khoa học Vật liệu tiên tiến và Công nghệ Nano; Khoa học vật liệu (Vật liệu tiên tiến và Công nghệ nano); Khoa học Vật liệu (Chương trình tăng cường tiếng Anh); Khoa học và Kỹ thuật Vật liệu (CT tiên tiến); Kỹ thuật Vi điện tử và Công nghệ nano,7440122;QHT04;7440122_DKD;MS-E3;MS2
35,Công nghiệp bán dẫn,274,Công nghệ kỹ thuật hoá học,Công nghệ kỹ thuật hóa học (CTCLC); Công nghệ kỹ thuật Hoá học (Chương trình tăng cường tiếng Anh); Công nghệ kỹ thuật hoá học (CTNC); Công nghệ hóa học gồm 03 chuyên ngành: Công nghệ kỹ thuật hóa học; Kỹ thuật hóa phân tích; Hóa dược.; Công nghệ kỹ thuật hóa học (Tiếng Việt); Công nghệ kỹ thuật hóa học (đào tạo bằng tiếng Việt); Kỹ thuật công nghệ hóa học; Công nghệ kỹ thuật hoá học,7510401;QHT07;7510401_DKD;7510401C;7510401c;7510401V;D126;7510401A
35,Công nghiệp bán dẫn,278,Kỹ thuật Hóa học,Kỹ thuật Hóa học; Kỹ thuật Hóa học (Lọc-Hóa dầu); Kỹ thuật hoá học Chương trình tiên tiến; Kỹ thuật hóa học - Chất lượng cao; Chỉ huy Kỹ thuật hóa học; Kĩ thuật Hóa học,7520301;214;CH1;CHE1;TLA118;F7520301;7860229_B;7860229_N;314;CH1_A00;7520301TC
35,Công nghiệp bán dẫn,387,Vật lý học,"Vật lý học; Vật lý học (Chương trình tăng cường tiếng Anh); Nhóm ngành Vật lý học, Công nghệ Vật lý điện tử và tin học, Công nghệ bán dẫn",7440102;7440102_NN;7440102;QHT03;7440102_DKD
5,Báo chí - Marketing - Quảng cáo - PR,521,Công nghệ truyền thông,Công nghệ truyền thông; Công nghệ truyền thông - Chuyên ngành Thiết kế mỹ thuật số,7320106;7320106DA;7320106V
5,Báo chí - Marketing - Quảng cáo - PR,879,Quay phim,"Công nghệ dựng phim, Quay phim điện ảnh; Quay phim truyền hình",7210236A;7210236B;7210302A;606_100
5,Báo chí - Marketing - Quảng cáo - PR,882,Nhiếp ảnh báo chí,Nhiếp ảnh báo chí,7210301B;603_100
5,Báo chí - Marketing - Quảng cáo - PR,908,Quản trị Marketing,Quản trị Marketing,GTADCQM2;GTADCQMA2;CLC3-03
5,Báo chí - Marketing - Quảng cáo - PR,943,Tổ chức sự kiện,Thiết kế âm thanh ánh sáng (7210303),7210303
5,Báo chí - Marketing - Quảng cáo - PR,50,Báo chí,"Báo chí, chuyên ngành Báo in; Báo chí, chuyên ngành Ảnh báo chí; Báo chí, chuyên ngành Báo phát thanh; Báo chí, chuyên ngành Báo truyền hình; Báo chí, chuyên ngành Quay phim truyền hình; Báo chí, chuyên ngành Báo mạng điện tử; Báo chí; Báo chí (Báo chí đa phương tiện); Báo chí (chuẩn quốc tế)",7320101;QHX01;7320101_CLC;603;602;607;604;605;606;602_100;604_100;605_100;607_100;7320101LK;7320101QT;BC602;BC603;BC604;BC605;BC606;BC607
5,Báo chí - Marketing - Quảng cáo - PR,51,Marketing,"Marketing; Marketing gồm 02 chuyên ngành: Marketing; Digital Marketing; Digital Marketing (CN); Marketing (dạy bằng tiếng Anh); Kỹ thuật phần mềm; Công nghệ marketing; Marketing (Chuyên ngành Marketing); Marketing Chất lượng cao bằng tiếng Anh; Marketing (Chuyên ngành Marketing)(Tiếng Anh); Marketing chất lượng cao; Marketing (Marketing số và truyền thông xã hội); Quan hệ công chúng (ngành Marketing); Marketing và tổ chức sự kiện (ngành Marketing); Marketing số; Marketing số (Liên kết với ĐH Coventry, Anh quốc. Cấp một bằng của đối tác); Marketing số (Liên kết với ĐH Covcntry, Anh quốc, cấp một băng cùa đối tác); Marketing số (Chương trình Chất lượng cao); Marketing - Chương trình dự bị đại học bằng tiếng Anh; Marketing - Chất lượng cao; Marketing - Chương trình đại học bằng tiếng Anh; Chương trình ĐHNNQT Marketing số; Marketing - Chương trình học tại Phân hiệu Khánh Hòa; Ngành Quản trị kinh doanh  Ngành Kinh doanh quốc tế  Ngành quản trị khách sạn  Ngành Marketing; Ngành Tài chính - Ngân hàng Ngành Kế toán  Ngành Kinh doanh quốc tế  Ngành Marketing; Marketing (song bằng VNU-HELP, Malaysia); Marketing (Marketing thương mại); Marketing (Quân trị thương hiệu); Marketing (Marketing số); Marketing (Marketing thương mại - Chương trình định hướng chuyên sâu nghề nghiệp quốc tế - IPOP); Marketing (Marketing thương mại - Chương trình định hướng chuyên sâu nghề nghiệp quốc tế -1POP); Marketing (Quản trị thương hiệu - Chương trình định hướng chuyên sâu nghề nghiệp quốc tế - IPOP); Chương trình ĐHNNQT truyền thông Marketing tích hợp, Marketing và truyền thông tích hợp",7340115;7340115_CLC;7340115C;7340115DKD;7340115DKK;7340115DL;7340115_01;7340115_410;7340115_CLC;7340115_TATP;7340115_TH;7340155;FBE8;MK;N7340115;QHQ06;F7340115;FA7340115;D7340115;7340115_410E;7340115_DM;73401150;NTH02;MKTH2.1;NTS02;7340115_02;FIDT5;7340122_TD;BUS06;BUS05;BUS07;MKTS2.1;IU02;TM07;TM08;TM09;TM10;TM11;TM44;7340101_A;7340101_C;7340115MK;7340115MKDL;7340115(HP);7340115C1;7340115C2;7340115S;7340115_ΤΑΤΡ;7340115_2;NTH.TM.H11_2;BBNS;410;410_I;410E;417;CLC3-02;EP19;HC11.01;BUS11;NT.TM.H11_2;TM11;7340115;7340115_1;HC1102QT;HC1101;HY1101;A1EM;A1ET;NTHTM11_DHNN;NTSMT04;7340115TC;7340115_CLC3_3;7340115CL
5,Báo chí - Marketing - Quảng cáo - PR,52,Truyền thông Marketing,Digital Marketing (Marketing số); Digital Marketing; Marketing (Digital Marketing); Marketing (Chuyên ngành Digital Marketing); Digital marketing (ngành Marketing); Digital Marketing (theo định hướng ICDL); Luật kinh tế; Digital Marketing (Chương Trình tiếng Anh); Marketing và Truyền thông; Chương trình ĐHNNQT Truyền thông Marketing tích hợp; POHE-Truyền thông Marketing; Truyền thông Marketing; Marketing và truyền thông,POHE3;MKTS2.1;7900102;7340114;7380107;7340115C2;7340401C35;7340115_417;7340115C4;616_100;D412;NTH.MT.S26;NT.MT.S26;MAC
5,Báo chí - Marketing - Quảng cáo - PR,53,Quan hệ công chúng,"Quan hệ công chúng, chuyên ngành Quan hệ công chúng chuyên nghiệp; Quan hệ công chúng, chuyên ngành Truyền thông marketing; Quan hệ công chúng",7320108;615;616;7320108_CLC2;7340115_QHC;QHX15;615_100;618;CLC2-04;FIDT10;7340115QH;QQ615;QQ616;QQ618
5,Báo chí - Marketing - Quảng cáo - PR,55,Quản lí giải trí và sự kiện,Quản lí giải trí và sự kiện; Quản lý giải trí và sự kiện; Quản trị giải trí và sự kiện,7349002;EP18
5,Báo chí - Marketing - Quảng cáo - PR,56,Quản trị kinh doanh & Marketing,Quản trị marketing; Quản lý kinh doanh & Marketing; Quản trị Marketing,7340115-TA;A403;7340115_CLC3
5,Báo chí - Marketing - Quảng cáo - PR,57,Quản trị thương hiệu,Quản trị thương hiệu,TM11;TM10;7340115;7340115TA
5,Báo chí - Marketing - Quảng cáo - PR,58,"Truyền thông, quảng cáo","Truyền thông (liên kết với Đại học Deakin, Úc); Truyền thông đa phương tiện; Truyền thông đa phương tiện (dạy bằng tiếng Anh); Truyền thông đại chúng; Công nghệ truyền thông (Truyền thông số); Công nghệ Truyền thông; Truyền thông số và thiết kế đa phương tiện; Công nghệ truyền thông (cử nhân); Công nghệ truyền thông; Công nghệ truyền thông - Chuyên ngành Thiết kế Mỹ thuật số (cử nhân); Truyền thông quốc tế; Truyền thông doanh nghiệp; Truyền thông số; Truyền thông doanh nghiệp (dạy bằng Tiếng Pháp); Quảng cáo; Quản trị truyền thông đa phương tiện (ngành Quản trị kinh doanh); Quản trị công nghệ truyền thông; Truyền thông số và Kỹ thuật đa phương tiện (CT tiên tiến); Truyền thông số",7320101_LKD;7320109;7320105;7320107;HQT05;7320115;ET-E16;7320106;7320106DA;7320110;7340410;QHQ14;7320111;7320105_100;7320110_100;ET-E16_A00;7320105;BC7320105
5,Báo chí - Marketing - Quảng cáo - PR,59,Xuất bản và kinh doanh xuất bản phẩm,"Kinh doanh xuất bản phẩm; Ngành Kinh doanh xuất bản phẩm; Xuất bản, chuyên ngành Biên tập xuất bản; Xuất bản, chuyên ngành Xuất bản điện tử",801;802;7320402;XB801;XB802
5,Báo chí - Marketing - Quảng cáo - PR,168,Quan hệ quốc tế,"Quan hệ quốc tế, chuyên ngành Thông tin đối ngoại; Quan hệ quốc tế, chuyên ngành Quan hệ chính trị và Truyền thông quốc tế; Quan hệ quốc tế, chuyên ngành Quan hệ quốc tế và Truyền thông toàn cầu; Quan hệ quốc tế; Quan hệ quốc tế (chuẩn quốc tế); Quan hệ quốc tế (liên kết với ĐH Deakin, Úc)",7310206;7310206DL;HQT01;7310206_CLC;7310206_LKD;611;614;610;7310206_Nu;7310206_Nam;610_100;611_100;614_100;7310206LK;7310206QT;QT610;QT611;QT614
5,Báo chí - Marketing - Quảng cáo - PR,514,Digital Marketing,"Digital Marketing (theo định hướng ICDL); Digital Marketing (theo định hướng ICDL), phân hiệu TP. HCM; Digital Marketing; Chương trình ĐHNNQT Marketing số",7340114;7340401C35;7340115_417;7340115QT11.02;7340115QT11.02PH;MKTH2.1;7340115_CLC3;7340115_A;7340115DG;7340115DGPL;7340115C3;HC11.02QT
6,Sư phạm - Giáo dục,60,Công nghệ giáo dục,Công nghệ giáo dục,7140103;ED2;ED2_A00
6,Sư phạm - Giáo dục,61,Sư phạm Toán,Sư phạm Toán học; Sư phạm Toán; Sư phạm Toán học Có 02 chuyên ngành: - Chương trình đại trà - Chương trình Toán tiếng Anh; Sư phạm Toán học - Chương trình đại trà - Chương trình Toán Tiếng Anh; SP Toán học; SP Toán học (dạy Toán bằng tiếng Anh); Sư phạm Toán học (dạy Toán bằng tiếng Anh); Sư phạm Toán học (lớp tài năng); Sư phạm Toán học (ĐT bằng Tiếng Anh); Sư phạm Toán và Khoa học tự nhiên; Sư phạm Toán và Khoa học Tự nhiên,7140209;7140209TA;7140209_LA;7140209D;7140209A;7140209C;7140209B;GD1;7140209K;QHS01;7460101_TA;7460101_TV;7140209_01;7140209;7140209TN
6,Sư phạm - Giáo dục,62,Sư phạm Vật lý,Sư phạm Vật lý; Sư phạm Vật lí; Sư phạm vật lý (ĐT bằng Tiếng Anh); SP Vật lý; SP Vật lý (dạy Vật lý bằng tiếng Anh); Sư phạm Vật lí (dạy Vật lí bằng tiếng Anh),7140211;7140211B;7140211TA;7140211D;7140211TA;7140211A;7140211C;7140211K;QHS02
6,Sư phạm - Giáo dục,63,Sư phạm Ngữ văn,"Sư phạm Ngữ văn; SP Ngữ văn; Sư phạm Ngữ văn, Lịch sử, Lịch sử-Địa lí, gồm 3 ngành: Sư phạm Ngữ văn; Sư phạm Lịch sử; Sư phạm Lịch sử-Địa lí; Sư phạm Ngữ văn, Lịch sử, Lịch sử và Địa lý",7140217;7140217C;7140217D;7140217_LA;GD2;QHS06;7140217_01
6,Sư phạm - Giáo dục,64,Sư phạm Tiếng Anh,Sư phạm Tiếng Anh; SP Tiếng Anh; Sư phạm Tiếng Anh (lớp tài năng); Sư phạm tiếng Anh (Tiếng Việt); Sư phạm tiếng Anh (đào tạo bằng tiếng Việt); Giảng dạy tiếng Anh; CTĐT định hướng giáo viên Tiếng Anh,7140231A;7140231B;7140231;7140231_LA;7140231C;7140231V;7220201_02;7220201_GV;7140231_01;7140231TN
6,Sư phạm - Giáo dục,65,Sư phạm Hóa học,Sư phạm Hoá học; Sư phạm Hóa; SP Hoá học; SP Hoá học (dạy Hoá  bằng tiếng Anh); Sư phạm Hoá học (dạy Hoá học bằng tiếng Anh); Sư phạm Hóa học (ĐT bằng Tiếng Anh),7140212;7140212A;7140212B;7140212C;7140212TA;7140212K;QHS03
6,Sư phạm - Giáo dục,66,Sư phạm Sinh học,Sư phạm Sinh học; Sư phạm Sinh; Sư phạm Sinh hục; SP Sinh học; Sư phạm Sinh học (ĐT bằng Tiếng Anh),7140213B;7140213D;7140213;7140213TA;QHS04
6,Sư phạm - Giáo dục,67,Sư phạm Lịch sử,"Sư phạm Lịch sử; SP Lịch sử; Sư phạm Ngữ văn, Lịch sử, Lịch sử-Địa lí, gồm 3 ngành: Sư phạm Ngữ văn; Sư phạm Lịch sử; Sư phạm Lịch sử-Địa lí; Sư phạm Ngữ văn, Lịch sử, Lịch sử và Địa lý",7140218C;7140218D;7140218;GD2;QHS07
6,Sư phạm - Giáo dục,68,Sư phạm Địa lý,Sư phạm Địa lý; Sư phạm Địa lí; SP Địa lý,7140219B;7140219C;7140219
6,Sư phạm - Giáo dục,69,Sư phạm Lịch sử - Địa lý,"Sư phạm Lịch sử - Địa lý; Sư phạm Lịch sử Địa lý; Sư phạm Lịch sử và Địa lý; Sư phạm Lịch sử - Địa lí; Sư phạm Lịch sử - Địa lý (Đào tạo giáo viên THCS); SP Lịch sử - Địa lý; Sư phạm Ngữ văn, Lịch sử, Lịch sử-Địa lí, gồm 3 ngành: Sư phạm Ngữ văn; Sư phạm Lịch sử; Sư phạm Lịch sử-Địa lí; Sư phạm Ngữ văn, Lịch sử, Lịch sử và Địa lý",7140249A;7140249B;7140249;GD2;7140249_LA;QHS08
6,Sư phạm - Giáo dục,70,Sư phạm Khoa học tự nhiên,Sư phạm Khoa học tự nhiên; Sư phạm KH Tự nhiên; Sư phạm Khoa học tự nhiên (Đào tạo giáo viên THCS); SP Khoa học tự nhiên,7140247A;7140247B;7140247C;7140247;7140247_GL;QHS05
6,Sư phạm - Giáo dục,71,Sư phạm Âm nhạc,Sư phạm Âm nhạc,7140221;7140221A;7140221B
6,Sư phạm - Giáo dục,72,Sư phạm Công nghệ,Sư phạm công nghệ; SP Công nghệ; Sư phạm công nghệ (Tiếng Việt); Sư phạm Công nghệ (đào tạo bằng tiếng Việt),7140246A;7140246B;7140246V;7140246;HVN19;7140246TC;HVN18_1
6,Sư phạm - Giáo dục,73,Sư phạm Mỹ thuật,"Sư phạm Mỹ thuật; Lý luận, lịch sử và phê bình mỹ thuật; Lý luận và lịch sử mỹ thuật",7140222;7140222A;7620109N;7210101;8210101;9210101
6,Sư phạm - Giáo dục,74,Sư phạm Tiếng Đức,Sư phạm tiếng Đức,7140235
6,Sư phạm - Giáo dục,75,Sư phạm Tiếng H'mong,SP tiếng H'mong,7140227
6,Sư phạm - Giáo dục,76,Sư phạm Tiếng Hàn Quốc,Sư phạm tiếng Hàn Quốc; Giảng dạy tiếng Hàn,7140237;7220210_02
6,Sư phạm - Giáo dục,77,Sư phạm Tiếng Nga,Sư phạm Tiếng Nga,7140232
6,Sư phạm - Giáo dục,78,Sư phạm Tiếng Nhật,Sư phạm tiếng Nhật,7140236
6,Sư phạm - Giáo dục,79,Sư phạm Tiếng Pháp,Sư phạm tiếng Pháp; SP Tiếng Pháp,7140233D;7140233;7140233C
6,Sư phạm - Giáo dục,80,Sư phạm Tiếng Trung,Sư phạm tiếng Trung Quốc; Sư phạm tiếng Trung; Tiếng Trung hành chính văn phòng; Giảng dạy tiếng Trung,7140234;7220204_03;7220204_04
6,Sư phạm - Giáo dục,81,Sư phạm Tin học,Sư phạm Tin học; SP Tin học; Sư phạm Tin học (ĐT bằng Tiếng Anh); Sư phạm Tin học và Công nghệ Tiểu học,7140210A;7140210B;7140210;7140210TA;7140250;7140210K
6,Sư phạm - Giáo dục,82,Sư phạm Kỹ thuật công nghiệp,Sư phạm Kỹ thuật công nghiệp (chuyên ngành Công nghệ thông tin); Sư phạm Kỹ thuật công nghiệp (chuyên ngành Công nghệ thông tin); Sư phạm Kỹ thuật nông nghiệp,7140214;7140215
6,Sư phạm - Giáo dục,83,Giáo dục Chính trị,Giáo dục Đặc biệt; Giáo dục Chính trị; Sư phạm Giáo dục Chính trị,7140205;7140205B;7140205C
6,Sư phạm - Giáo dục,84,Giáo dục Công dân,Giáo dục Công dân,7140204;7140204B;7140204C
6,Sư phạm - Giáo dục,85,Giáo dục Đặc biệt,Giáo dục Đặc biệt,7140203C;7140203D;7140203
6,Sư phạm - Giáo dục,86,Giáo dục học,Giáo dục học,7140101;7140101TC
6,Sư phạm - Giáo dục,87,Giáo dục Mầm non,Giáo dục Mầm non (trình độ CĐ); Giáo dục Mầm non; SP Giáo dục Mầm non; Sư phạm Mầm non; Giáo dục Mầm non (trình độ đại học); Giáo dục Mầm non (Cao đẳng); Giáo dục tiểu học; Giáo dục Mầm non - SP Tiếng Anh,7140201;7140201A;7140201_LA;GD5;7140201B;7140201C;51140201_LA;7140201K;7140201_GL;QHS09;72140201;5140201;7140201_01
6,Sư phạm - Giáo dục,88,Giáo dục pháp luật,Giáo dục pháp luật,7140248
6,Sư phạm - Giáo dục,89,Giáo dục Quốc phòng - An ninh,Giáo dục Quốc phòng - An ninh; Giáo dục Quốc phòng và An ninh; Giáo dục Quốc phòng -An ninh,7140208;7140208C;7140208D;7140208_LA
6,Sư phạm - Giáo dục,90,Giáo dục Thể chất,Giáo dục Thể chất,7140206;7140206_LA;7140206_01
6,Sư phạm - Giáo dục,91,Giáo dục Tiểu học,Giáo dục Tiểu học; SP Giáo dục Tiểu học; Giáo dục Tiểu học (chương trình đại trà); Giáo dục Tiểu học - SP Tiếng Anh; Giáo dục Tiểu học – Tiếng Jrai; Giáo dục Tiểu học (chương trình tiếng Anh); Giáo dục Tiểu học (ĐT bằng Tiếng Anh),7140202;7140202A;7140202TA;7140202_LA;GD4;7140202B;7140202C;7140202JR;7140202K;7140202_GL;QHS10;72140202;7140202_1;7140202_2;7140202_01;7140202SN;7140202_TA
6,Sư phạm - Giáo dục,92,Hỗ trợ giáo dục người khuyết tật,Hỗ trợ giáo dục người khuyết tật,7760103;7760103C;7760103D
6,Sư phạm - Giáo dục,93,Khoa học Giáo dục và Khác,"Khoa học giáo dục và khác, gồm 6 ngành: Quản trị trường học; Quản trị chất lượng giáo dục; Quản trị Công nghệ giáo dục; Khoa học giáo dục; Tham vấn học đường; Tâm lí học (chuyên ngành Tâm lí học lâm sàng trẻ em và vị thành niên); Khoa học Giáo dục và Khác",GD3;QHS11
6,Sư phạm - Giáo dục,94,Quản lý giáo dục,Quản Lý Giáo Dục; Quản lí giáo dục,7140114;7140114C;7140114D;ED3;ED3_A00
7,Y - Dược,863,Kỹ thuật phục hình răng,,7720502
7,Y - Dược,864,Kỹ thuật Xét nghiệm Y học,Kỹ thuật Xét nghiệm Y học,7720601
7,Y - Dược,95,Y khoa,Y khoa; Y Khoa (Chương Trình tiếng Anh); Ngành Y khoa (Bác sỹ đa khoa); Y khoa (Bác sĩ đa khoa); Bác sĩ đa khoa; Ngành Y khoa (gửi đào tạo tại Học viện Quân y); Y khoa (HB) - kết hợp sơ tuyển chứng chỉ ngoại ngữ; Y khoa (Xét kết hợp CC tiếng Anh quốc tế); Y khoa (A); Y khoa (B); Y khoa Phân hiệu Thanh Hóa,7720101;MED1;7720101A;7720101B;7720101_02;7720101YHT;7720101_N;7720101_DANSU_1;7720101_Nam_B;7720101_Nam_N;7720101_Nu_B;7720101_Nu_N;7720101LT
7,Y - Dược,96,Răng Hàm Mặt,Răng Hàm Mặt; Răng Hàm Mặt (Chương Trình tiếng Anh); Răng - Hàm - Mặt; Bác sĩ Răng Hàm Mặt; Răng- Hàm- Mặt; Răng – Hàm – Mặt; Răng hàm mặt (HB) - kết hợp sơ tuyển chứng chỉ ngoại ngữ; Răng - Hàm - Mặt (Xét kết hợp CC tiếng Anh quốc tế); Kỹ thuật phục hồi hình răng; Kỹ thuật phục hình răng,7720501;DEN1;7720501_02
7,Y - Dược,97,Dược học,Dược học; Dược Học (Chương Trình tiếng Anh); Dược; Y khoa; Dược học (HB) - kết hợp sơ tuyển chứng chỉ ngoại ngữ; Dược học (Xét kết hợp CC tiếng Anh quốc tế); Dược học (A); Dược học (B); Dược học (D),PHA1;7720201A;7720201B;7720201D;7720201_02;7720201;7720201_B;7720201_n;7720201_DANSU_2;7720201_Nam_B;7720201_Nam_N;7720201_Nu_B;7720201_Nu_N
7,Y - Dược,98,Điều dưỡng,Điều dưỡng; Điều Dưỡng (Chương Trình tiếng Anh); Điều dưỡng chương trình tiên tiến; Diều dưỡng; Điều dưỡng (HB); Điều dưỡng chuyên ngành Gây mê hồi sức; Điều dưỡng đa khoa; Điều dưỡng nha khoa; Điều dưỡng gây mê hồi sức; Điều dưỡng Phân hiệu Thanh Hóa,7720301;7720301DL;7720301NB;NUR1;7720301YHT;7720301A;7720301C;7720301_03;7720301B
7,Y - Dược,99,Y học cổ truyền,Y Học Cổ Truyền; Y học cổ truyền (HB),7720115;FTME;DTV-7720115-01
7,Y - Dược,100,Y học dự phòng,Y học dự phòng; Y học dự phòng (HB),7720110
7,Y - Dược,101,Y tế công cộng,Y Tế Công Cộng,7720701
7,Y - Dược,102,Dinh dưỡng,Dinh Dưỡng; Dinh dưỡng và Khoa học thực phẩm; Khoa học dinh dưỡng và ẩm thực,7720401;7720497;7819009;7540101DD
7,Y - Dược,103,Hóa dược,Hóa dược; Hóa dược - Phân tích và kiểm nghiệm - Bào chế và phát triển thuốc; Kỹ thuật Hóa dược (CT tiên tiến),QHT43;7720203;CH-E11;CH-E11_A00
7,Y - Dược,104,Hộ Sinh,Hộ Sinh,7720302;MIW
7,Y - Dược,105,Khoa học và Công nghệ y khoa,Kỹ thuật xét nghiệm y học; Kĩ thuật xét nghiệm y học; Khoa học và Công nghệ y khoa; Kỹ thuật xét nghiệm; Kỹ thuật xét nghiệm y học (HB),7720601
7,Y - Dược,106,Kỹ thuật hình ảnh y học,Kỹ thuật Xét nghiệm y học Phân hiệu Thanh Hóa; Kỹ thuật Hình ảnh y học; Kĩ thuật hình ảnh y học; Kỹ thuật xét nghiệm y học,7720602;RTS1;MTT1;7720601YHT;7720602YHT
7,Y - Dược,107,Kỹ Thuật Phục Hồi Chức Năng,Kỹ Thuật Phục Hồi Chức Năng; Kỹ thuật Phục hồi chức năng Phân hiệu Thanh Hóa,7720603;RET1;7720603YHT
7,Y - Dược,108,Quản lý bệnh viện,Quản trị bệnh viện; Quản lý bệnh viện,7720802;HM1;7340101_03
7,Y - Dược,109,Vật lý Y khoa,Vật lý Y khoa,7520403;PH3;7520403_DKD
7,Y - Dược,110,Công nghệ sinh học Y Dược,"Công nghệ sinh học, chuyên ngành Công nghệ sinh học Y Dược; Công nghệ sinh học Y Dược; Y sinh học TDTT; Y sinh học thể dục thể thao; Sinh dược học",7420201YD;7420205;7420201A;QHT81;7729001
7,Y - Dược,111,Công nghệ thẩm mỹ,Công nghệ Thẩm mỹ,7420207
7,Y - Dược,112,Dược liệu và hợp chất thiên nhiên,Sinh học ứng dụng (Dược liệu); Dược liệu và hợp chất thiên nhiên,7549002;7420203A
7,Y - Dược,113,Khúc xạ nhãn khoa,Khúc xạ nhãn khoa,7720699;7720609
7,Y - Dược,114,Công nghệ kỹ thuật điện tử y sinh,Công nghệ kỹ thuật điện tử y sinh,75103021
8,Bác sĩ thú y,115,Thú y,Thú y; Thú y (Bác sĩ Thú y); Bác sĩ thú y; Thú y (PHGL); Thú y (PHNT); Thú y (CTTT),7640101;7640101G;7640101N;HVN01;7640101T;7640101_1;7640101TC
8,Bác sĩ thú y,116,Chăn nuôi,Chăn nuôi; Chăn nuôi thú y; Chăn nuôi (CTNC),7620105;7620105C;7620105TC
8,Bác sĩ thú y,117,Chăn nuôi thú y,Chăn nuôi - Thú y; Chăn nuôi-Thú y; Chăn nuôi thú y - Thuỷ sản,7620106;HVN02
9,Công an - Quân đội,849,Công nghệ thông tin - CAQĐ,Công nghệ thông tin,7480201_Nam
9,Công an - Quân đội,851,An toàn thông tin - CAQĐ,,DS03
9,Công an - Quân đội,853,Y khoa - CAQĐ,,7720101_N;7720101_DANSU_1;7720101_Nam_B;7720101_Nam_N;7720101_Nu_B;7720101_Nu_N;7720101_Nam;7720101_Nu;7720101A_Nam;7720101A_Nu
9,Công an - Quân đội,118,An ninh mạng và phòng chống tội phạm công nghệ cao,Ngành An ninh mạng và phòng chống tội phạm công nghệ cao,7860114;7860114_B;7860114_N;7480208;7860114_Nam_B;7860114_Nam_N;7860114_Nu_B;7860114_Nu_N
9,Công an - Quân đội,120,Biên phòng,Ngành Biên phòng,7860214_B;7860214_N;7860214_B_A01;7860214_B_C00;7860214_B_C01;7860214_B_C03;7860214_B_D01;7860214_A01_4;7860214_C00_4;7860214_C01_4;7860214_C03_4;7860214_D01_4;7860214_N_4;7860214_A01_5;7860214_C00_5;7860214_C01_5;7860214_C03_5;7860214_D01_5;7860214_N_5;7860214_A01_7;7860214_C00_7;7860214_C01_7;7860214_C03_7;7860214_D01_7;7860214_N_7;7860214_A01_9;7860214_C01_9;7860214_C03_9;7860214_D01_9;7860214_N_9;7860214_C00_9;7860214_C00_9
9,Công an - Quân đội,121,Chỉ huy kỹ thuật Công binh,Ngành Chỉ huy kỹ thuật Công binh; Chỉ huy kỹ thuật Công binh,7860228;7860228_N;7860228_B
9,Công an - Quân đội,122,Chỉ huy Kỹ thuật hóa học,Ngành Chỉ huy Kỹ thuật hóa học,7860229;7860229_N;7860229_B
9,Công an - Quân đội,123,Chỉ huy Tham mưu - thông tin,Chỉ huy Tham mưu - thông tin; Ngành Chỉ huy tham mưu thông tin; Chỉ huy - Tham mưu Thông tin; Chỉ huy tham mưu thông tin,7860219;7860221;7860219_N;7860219_B
9,Công an - Quân đội,124,Chỉ huy tham mưu Đặc công,Ngành Chỉ huy tham mưu Đặc công; Chỉ huy tham mưu Đặc công,7860207;7860207_N;7860207_B
9,Công an - Quân đội,125,Chỉ huy tham mưu Hải quân,Chỉ huy tham mưu Hải quân,7860202;7860202_B;7860202_N;7860202_B_A00;7860202_N_A00;7860202_B_A01;7860202_B_C01;7860202_N_A01;7860202_N_C01;7860202_N_A00
9,Công an - Quân đội,126,Chỉ huy tham mưu không quân (Phi công quân sự),Ngành Sĩ quan CHTM Không quân (Phi công quân sự); Chỉ huy tham mưu không quân (Phi công quân sự); Chỉ huy tham mưu không quân (Sĩ quan Dù - Tìm kiếm cứu nạn ĐK),7860203;7860203_PCQS_N;7860203_PCQS_B;7860203_NL_N;7860203_NL_B;7860203AV_B;7860203AV_N;7860203PC
9,Công an - Quân đội,127,Chỉ huy tham mưu Lục quân,Chỉ huy tham mưu Lục quân; Ngành Chỉ huy tham mưu Lục quân; Chỉ huy Tham mưu Lục quân (QK4); Chỉ huy Tham mưu Lục quân (QK5); Chỉ huy Tham mưu Lục quân (QK7); Chỉ huy Tham mưu Lục quân (QK9),7860201;7860201_4;7860201_5;7860201_7;7860201_9
9,Công an - Quân đội,128,Chỉ huy tham mưu Pháo binh,Chỉ huy tham mưu Pháo binh; Ngành Chỉ huy tham mưu Pháo binh,7860205;7860205_B;7860205_N
9,Công an - Quân đội,129,"Chỉ huy Tham mưu Phòng không, Không quân và Tác chiến điện tử","Chỉ huy Tham mưu Phòng không, Không quân và Tác chiến điện tử",7860226;7860226_B;7860226_N;7860226_B_C01;7860226_N_C01
9,Công an - Quân đội,130,Chỉ huy tham mưu Tăng Thiết giáp,Chỉ huy tham mưu Tăng Thiết giáp; Ngành Chỉ huy tham mưu Tăng Thiết giáp,7860206;7860206_N;7860206_B
9,Công an - Quân đội,131,Chỉ huy quản lý kỹ thuật,Chỉ huy quản lý kỹ thuật;,7860220;7860220_B_NAM;7860220_B_NU;7860220_N_NAM;7860220_N_NU;7860220_NN;7860220_CLC;7860220_LK;7860220_Nam_B;7860220_Nu_B;7860220_Nu_N;7860220_Nam_N
9,Công an - Quân đội,132,Hậu cần quân sự,Ngành Hậu cần Quân sự; Hậu cần quân sự; Quân sự cơ sở,7860218;7860218_B;7860218_N;7860222;7860218_Nu_N_X06;7860218_Nu_N_C01;7860218_Nu_N_A01;7860218_Nu_N_A00;7860218_Nu_N;7860218_Nu_B_X06;7860218_Nu_B_C01;7860218_Nu_B_A01;7860218_Nu_B_A00;7860218_Nu_B;7860218_Nam_N_X06;7860218_Nam_N_C01;7860218_Nam_N_A01;7860218_Nam_N_A00;7860218_Nam_N;7860218_Nam_B_X06;7860218_Nam_B_C01;7860218_Nam_B_A01;7860218_Nam_B_A00;7860218_Nam_B;7860222_QK1;7860222_QK2;7860222_QK3;7860222_QK4
9,Công an - Quân đội,133,Kỹ thuật - Hậu cần,Nhóm ngành Kỹ thuật - Hậu cần,7480200;7480200_Nam_B;7480200_Nam_N;7480200_Nu_B;7480200_Nu_N;7480200_Nữ_B;7480200_Nữ_N
9,Công an - Quân đội,134,Nghiệp vụ an ninh,Nhóm ngành nghiệp vụ Cảnh sát; Nghiệp vụ An ninh; Ngành Nghiệp vụ an ninh;,7860100;7860100_6;7860100_7;7860100_8;7860100_4;7860100_5;7860100_1;7860100_2;7860100_3;7860100_Nam_1;7860100_Nam_2;7860100_Nam_3;7860100_Nam_8;7860100_Nu_1;7860100_Nu_2;7860100_Nu_3;7860100_Nu_8;7860100_Nam_4;7860100_Nam_5;7860100_Nam_6;7860100_Nam_7;7860100_Nữ_4;7860100_Nữ_5;7860100_Nữ_6;7860100_Nữ_7;7860100_Nữ_8;7860100_Nu_4;7860100_Nu_5;7860100_Nu_6;7860100_Nu_7
9,Công an - Quân đội,135,"Phòng cháy chữa cháy và cứu nạn, cứu hộ","Phòng cháy chữa cháy và cứu nạn, cứu hộ",7860113;7860113_Nam_B;7860113_Nam_N;7860113_Nu_B;7860113_Nu_N
9,Công an - Quân đội,136,Trinh sát kỹ thuật,Trinh sát kỹ thuật,7860231;7860231_B;786;7860231_Nam_B;7860231_Nam_N
9,Công an - Quân đội,855,Ngôn ngữ Anh - CAQĐ,,7220201_Nam;7220201_Nu
9,Công an - Quân đội,856,Ngôn ngữ Trung Quốc - CAQĐ,,7220204_Nam;7220204_Nu;
9,Công an - Quân đội,857,Ngôn ngữ Nga - CAQĐ,,7220202_Nam;7220202_Nu
9,Công an - Quân đội,858,Quan hệ quốc tế - CAQĐ,,7310206_Nam;7310206_Nu
9,Công an - Quân đội,859,"Kỹ thuật, công nghệ Hàng không - CAQĐ",,7520120_B;7520120_N
9,Công an - Quân đội,860,Luật - CAQĐ,,7380101_NAM_B;7380101_NU_B;7380101_NAM_N;7380101_NU_N;7380101_B;7380101_N
9,Công an - Quân đội,862,Xây dựng Đảng & CQNN - CAQĐ,,7310202_B_A00;7310202_B_C0;7310202_B_C03;7310202_B_C04;7310202_B_D01;7310202_N_A00;7310202_N_C00;7310202_N_C03;7310202_N_C04;7310202_N_D01;7310202_Nam_B;7310202_Nam_N;7310202_Nu_B;7310202_Nu_N
10,Thiết kế đồ họa - Game - Đa phương tiện,885,Thiết kế mỹ thuật hoạt hình,Thiết kế mỹ thuật hoạt hình,7210406B;7210406C
10,Thiết kế đồ họa - Game - Đa phương tiện,30,Công nghệ đa phương tiện,"Công nghệ đa phương tiện; Thiết kế và phát triển Game (ngành Công nghệ đa phương tiện); Công nghệ đa phương tiện (Liên kết với đại học Canberra, Australia)",7320113;7329001;7329001_LK;7329001_GAM;74802012;7329001_LK;7329001_VHO;7329001LK;7329001VH
10,Thiết kế đồ họa - Game - Đa phương tiện,49,Truyền thông đa phương tiện,"Truyền thông đa phương tiện; Truyền thông đa phương tiện (dạy bằng tiếng Anh); Truyền thông đa phương tiện (Liên kết với đại học Công nghệ Queensland, Úc)",7320104DL;7320104;7320104_LK;7320104_CLC;QHX30;FIDT6;7320104_100;QHX29;73201041;732010401;732010402;7320104TC;7320104CL;7320104LK;BC7320104
10,Thiết kế đồ họa - Game - Đa phương tiện,137,Thiết kế Đồ hoạ,Đồ họa; Thiết kế đồ họa; Thiết kế đồ họa (Tiếng Việt); Thiết kế đồ họa (đào tạo bằng tiếng Việt); Đồ họa công nghệ số; Thiết kế công nghiệp và đồ họa; Thiết kế đồ họa - Chất lượng cao; Thiết kế đồ họa - Chương trình học tại Phân hiệu Khánh Hòa; Thiết kế sáng tạo (Chuyên ngành Đồ họa công nghệ số); Thiết kế đồ họa số,GD;7210403;N7210403;F7210403;7210403V;CN18;7210104;7210407C;GA;7210403_1;7210403_9;7480201_20;7210403QT;7329001_ĐGA;7329001GA;7329001GM
10,Thiết kế đồ họa - Game - Đa phương tiện,139,Thiết kế Mỹ thuật số,Thiết kế Mỹ thuật số,7210409
10,Thiết kế đồ họa - Game - Đa phương tiện,138,Thiết kế Công nghiệp,Thiết kế Công nghiệp; Thiết kế công nghiệp và đồ họa; Thiết kế cơ khí và kiểu dáng công nghiệp,7210402;CN18;75102013
11,Xây dựng - Kiến trúc - Giao thông,867,Kỹ thuật an toàn giao thông,,7580215;GHA26
11,Xây dựng - Kiến trúc - Giao thông,890,Xây dựng dân dụng và công nghiệp,Xây dựng dân dụng và công nghiệp,7580201_01;D112;7510103_02
11,Xây dựng - Kiến trúc - Giao thông,18,Kinh tế vận tải,Kinh tế vận tải; Kinh tế vận tải (chuyên ngành Kinh tế vận tải biển) – chương trình tiên tiến; Kinh tế vận tải (chuyên ngành Kinh tế vận tải biển) - Chương trình tiên tiến; Kinh tế vận tải (chuyên ngành Kinh tế vận tải hàng không) – chương trình tiên tiến; Kinh tế vận tải (chuyên ngành Kinh tế vận tải hàng không) - Chương trình tiên tiến; Kinh tế vận tải – Chương trình học bằng Tiếng Anh (CN: Logistics và vận tải đa phương thức); Kinh tế vận tải - Chương trình học bằng Tiếng Anh (CN: Logistics và vận tải đa phương thức); Kinh tế vận tải – CN: Kinh tế hàng không; Kinh tế vận tải (CN: Kinh tế hàng không); Kinh tế vận tải (CN1: Logistics và quản lý chuỗi cung ứng; CN2: Logistics và vận tải đa phương thức); Kinh tế vận tải (CN: Logistics và quản lý chuỗi cung ứng; Logistics và vận tải đa phương thức),7840104;7840104E;784010401A;784010402A;7840104K;7840104L;7840104C1;7840104C2;D401;H401;D410;784010404A;784010403A;GSA23;GHA09;UTHKTV01A;UTHKTV01V;UTHKTV02A
11,Xây dựng - Kiến trúc - Giao thông,19,Kinh tế Xây dựng,"Kinh tế Xây dựng; Công nghệ kỹ thuật điện, điện tử; Kinh tế xây dựng; Kinh tế xây dựng (Chuyên ngành: Kinh tế đầu tư xây dựng; Kinh tế vận tải và logistic; Quản lý dự án công trình xây dựng); Công nghệ kỹ thuật ô tô; Kinh tế xây dựng (Chuyên ngành : Kinh tế đầu tư xây dựng; Kinh tế vận tải và logistic; Quản lý dự án công trình xây dựng); Kinh tế xây dựng (Chương trình chất lượng cao Kinh tế xây dựng công trinh Giao thông Việt - Anh); Kinh tế Xây dựng (Chuyên ngành Kinh tế đầu tư); Kinh tế xây dựng (chuyên ngành Kinh tế xây dựng) – chương trình tiên tiến; Kinh tế xây dựng (chuyên ngành Kinh tế xây dựng) - Chương trình tiên tiến; Kinh tế xây dựng (chuyên ngành Kinh tế và quản lý bất động sản) – chương trình tiên tiến; Kinh tế xây dựng (chuyên ngành Kinh tế và quản lý bất động sản) - Chương trình tiên tiến",7580301;148;GTADCKX2;TLA404;7580301QT;7580301_1;758030103A;758030101A;TLS404;GSA19;GHA11;GHA11QT;XDA16;UTHKTX01A;UTHKTX02A;7580301-DN
11,Xây dựng - Kiến trúc - Giao thông,140,Kỹ thuật xây dựng,"Địa Kỹ thuật Xây dựng; Công nghệ kỹ thuật kiến trúc; Hệ thống kỹ thuật công trình xây dựng (Tiếng Việt); Hệ thống kỹ thuật công trình xây dựng (đào tạo bằng tiếng Việt); Kỹ thuật xây dựng; Kỹ thuật xây dựng, chuyên ngành Xây dựng dân dụng và công nghiệp; Xây dựng dân dụng và công nghiệp; Kỹ thuật xây dựng (02 chuyên ngành: Kỹ thuật xây dựng; Quản lý xây dựng); Kỹ thuật xây dựng (chuyên ngành: Xây dựng công trình dân dụng và công nghiệp; Kêt câu công trình; Công nghệ kỹ thuật xây dựng); Kỹ thuật xây dựng (chuyên ngành Xây dựng dân dụng và công nghiệp; Kỹ thuật kết cấu công trình; Thiết kế nội thất); Kỹ thuật và quàn lý xây dựng (BCE); Kỹ thuật xây dựng (Chuyên ngành Xây dựng dán dụng và công nghiệp); Kỹ thuật xây dựng (Chương trình tiên tiến Kỹ thuật xây dựng công trình giao thông); Kỹ thuật xây dựng/ Xây dựng Dân dụng và Công nghiệp; Kỹ thuật xây dựng/ Hệ thống kỹ thuật trong công trình; Kỹ thuật xây dựng/ Xây dựng kỹ thuật trong công trình; Kỹ thuật xây dựng/ Tin học xây dựng; Kỹ thuật xây dựng/ Kỹ thuật công trình biển; Kỹ thuật xây dựng (Chương trình đào tạo kỹ sư Việt _ Pháp PFIEV); Kỹ thuật xây dựng (Chương trình đào tạo kỹ sư Việt - Pháp PFIEV); Kỹ thuật Xây dựng (Chương trình liên kết với ĐH Deakin) (2+2); Kỹ thuật xây dựng (Chuyên ngành Xây dựng công trình ngầm đô thị); Kỹ thuật xây dựng (Chuyên ngành Quản lý dự án xây dựng); Kỹ thuật xây dựng, chuyên ngành Tin học xây dựng; Kỹ thuật xây dựng, chuyên ngành Tin học xây dựng; Kỹ thuật xây dựng, chuyên ngành Kỹ thuật và quản lý xây dựng đô thị thông minh; Kỹ thuật xây dựng, chuyên ngành Kỹ thuật và quản lý xây dựng đô thị thông minh; Kỹ thuật xây dựng, chuyên ngành Mô hình thông tin và trí tuệ nhân tạo trong xây dựng; Kỹ thuật xây dựng (CTCLC); Kỹ thuật xây dựng, chuyên ngành Mô hình thông tin và trí tuệ nhân tạo trong xây dựng; Kỹ thuật xây dựng (Chất lượng cao); Kỹ thuật xây dựng (CLC); Kỹ thuật xây dựng (CT); Kỹ thuật xây dựng (DL); Xây dựng dân dụng & công nghiệp; Kỹ thuật xây dựng - Chương trình dự bị đại học bằng tiếng Anh; Kỹ thuật xây dựng (song bằng 2+2) - Chương trình dự bị liên kết Đại học La Trobe (Úc); Kỹ thuật xây dựng - Chất lượng cao; Kỹ thuật xây dựng - Chương trình đại học bằng tiếng Anh; Kỹ thuật xây dựng (song bằng 2+2) - Chương trình liên kết Đại học La Trobe (Úc); Kỹ thuật xây dựng dân dụng và công nghiệp (Kỹ thuật xây dựng); Kỹ thuật xây dựng (Chương trình tiên tiến học bằng tiếng Anh); Kỹ thuật dựng cầu đườmg; Xây dựng và quản lý đô thị thông minh (Kỹ thuật xây dựng); Máy và thiết bị tự động hóa xây dựng",7580201;7580201-DN;F7580201;FA7580201;D7580201;7580201CLC;7580201_CLC;7580201DK;7580201_DK;TLA201;7580201QT;7580201-2;7580201-1;7580201CT;7580201C;7580201DL;DK7580201;K7580201;TLA104;7580201B;7580201_05;7580201_03;7580201A;7510101;147;7580211;7510106V;7580208;AP05;IU05;315;7580201_A;758020101;758020106;TLS104;7580201_02;GTADCMX2;7580201QT;GSA17;DS7580201;758020102;VJU6;GHA28;GHA28QT1;GHA28QT2;XDA07;XDA08;XDA09;XDA10;XDA11;XDA12;XDA42;XDA43;UTHKXD01A;UTHKXD02A;UTHKXD03A;7580201TN
11,Xây dựng - Kiến trúc - Giao thông,141,Công nghệ kỹ thuật Xây dựng,"Công nghệ kỹ thuật Công trình xây dựng; Công nghệ kỹ thuật công trình xây dựng (Thiết kế kiến trúc xây dựng); Công nghệ kỹ thuật công trình  xây dựng; Công nghệ kỹ thuật công trình XD; CN kỹ thuật công trình xây dựng; Công nghệ kỹ thuật công trình xây dựng (Tiếng Anh); Công nghệ kỹ thuật công trình xây dựng (đào tạo bằng tiếng Anh); CNKT công trình xây dựng CLC; Công nghệ kỹ thuật công trình xây dựng Chất lượng cao; Công nghệ kỹ thuật công trình xây dựng – CN: Quản lý và khai thác cảng HK; Công nghệ kỹ thuật công trình xây dựng (CN: Quản lý và khai thác cảng HK); Công nghệ kỹ thuật công trình xây dựng (Tiếng Việt); Công nghệ kỹ thuật công trình xây dựng (đào tạo bằng tiếng Việt); Công nghệ kỹ thuật công trình xây dựng – CN: Xây dựng và phát triển cảng HK; Công nghệ kỹ thuật công trình xây dựng (CN: Xây dựng và phát triển cảng HK); Công nghệ kỹ thuật xây dựng (chuyên ngành Xây dựng dân dụng và Công nghiệp); Công nghệ Kỹ thuật Xây dựng; XD dân dụng & công nghiệp (CN); XD CT giao thông kỹ thuật (CN); XD hạ tầng logistics kỹ thuật (CN); XD đường sắt – metro (CN); Công nghệ kỹ thuật xây dựng (chuyên ngành Xây dựng dân dụng và Công nghiệp); Chương trình liên kết quốc tế Công nghệ Cầu - Đường sắt tốc độ cao (Đại học Dongyang - Hàn Quốc cấp bằng, học bằng tiếng Anh và tiếng Hàn Quốc); CNKT XD Cầu đường bộ (học tại Vĩnh Phúc); CNKT XD Cầu đường bộ; Công nghệ kỹ thuật XD Cầu đường bộ; CNKT xây dựng Đường sắt - Metro; CNKT công trình XD dân dụng và công nghiệp; Xây dựng Cầu - Đường sắt; Công nghệ kỹ thuật xây dựng Cầu đường bộ (tăng cường tiếng Nhật, định hướng thực tập và làm việc tại Nhật Bản)",7510103;7510103DL;CN5;TLA111;GTADNCD2;GTADCCD2;7510102;7510102NB;7510102Q;7510102X;7510102A;7510102V;7510102_NB;7510102C;GTADCDD2;GTADCCS2;GTADCSS2;7580205LK;GTADCCD1;TLS111;GTADCCD2;GTADCCDD2;GTADCCDJ2;GTADCDM2;7510102TC;XDA21
11,Xây dựng - Kiến trúc - Giao thông,142,Công nghệ kỹ thuật giao thông,Công nghệ kỹ thuật giao thông; Công nghệ kỹ thuật giao thông (chuyên ngành Xây dựng cầu đường); Kỹ thuật giao thông thông minh (SME); Kỹ thuật quy trình và môi trường (EPE); Công nghệ kỹ thuật giao thông (chuyên ngành Xây dựng cầu đường); Công nghệ kỹ thuật giao thông (chuyên ngành Quy hoạch và quản lý giao thông;  Logistics và hạ tầng giao thông) – chương trình tiên tiến; Công nghệ kỹ thuật giao thông (chuyên ngành Quy hoạch và quản lý giao thông;  Logistics và hạ tầng giao thông) - Chương trình tiên tiến; Công nghệ kỹ thuật ô tô và giao thông thông minh,7510104;7510104A;GTADCGO2;GTADCOG2;UTHCGT01D
11,Xây dựng - Kiến trúc - Giao thông,143,Kiến trúc,Kiến trúc; Công nghệ kỹ thuật kiến trúc; Kiến trúc (ARC); Kiến trúc/ Kiến trúc công nghệ; Chương trình tiên tiến ngành Kiến trúc; Kiến trúc và thiết kế cảnh quan; Kiến trúc (Chất lượng cao); Kiến trúc (CLC); Kiến trúc (CT); Kiến trúc (DL); Kiến trúc (Tiếng Việt); Kiến trúc (đào tạo bằng tiếng Việt); Kiến trúc và thiết kế đô thị thông minh; Kiến trúc - Chất lượng cao,7580101;75801011;7580101_1;117;7580101-DN;7580101CT;7580101DL;F7580101;7580101CLC;7580101V;7580101A;7580101_01;7580104;7510101;7580101_02;7580101QT;GSA15;GHA27;XDA01;XDA02
11,Xây dựng - Kiến trúc - Giao thông,144,Kiến trúc Cảnh quan,Kiến trúc Cảnh quan; Cảnh quan và kỹ thuật hoa viên; Kiến trúc và Thiết kế cảnh quan,217;7580102;7859007;7580101A;XDA03
11,Xây dựng - Kiến trúc - Giao thông,145,Kiến trúc nội thất,Kiến trúc/ Kiến trúc công nghệ; Kiến trúc nội thất; Kiến trúc nội thất (Tiếng Việt); Kiến trúc nội thất (đào tạo bằng tiếng Việt); Kiến trúc & nội thất,D127;7580103;GTADCKN2;7580103V;XDA04;7580103-DN
11,Xây dựng - Kiến trúc - Giao thông,146,Kỹ thuật cơ sở hạ tầng,Kỹ thuật cơ sở hạ tầng; Kỹ thuật cơ sở hạ tầng (chuyên ngành Xây dựng hạ tầng đô thị); Kỹ thuật hạ tầng đô thị; Kỹ thuật cơ sở hạ tầng (Chuyên ngành Kỹ thuật hạ tầng đô thị); Kỹ thuật cơ sở hạ tầng  (chuyên ngành Xây dựng hạ tầng đô thị); Kỹ thuật môi trường đô thị; Kỹ thuật cơ sở hạ tầng (Chuyên ngành Kỹ thuật môi trường đô thị); Kỹ thuật cơ sở hạ tầng (Chuyên ngành Công nghệ cơ điện công trình); Công trình giao thông & cơ sở hạ tầng,7580210;75802102;7580210_1;D113;7580210QT;GHA29
11,Xây dựng - Kiến trúc - Giao thông,147,Kỹ thuật xây dựng công trình giao thông,"Hệ thống giao thông thông minh; Kỹ thuật xây dựng công trình giao thông; Kỹ thuật xây dựng công trình giao thông; Kỳ thuật xây dựng công trình giao thông (chuyên ngành: Kỹ thuật xây dựng câu đường; Kỳ thuật xây dựng công trình ngầm; Kỹ thuật hạ tầng đô thị); Kỹ thuật xây dựng công trình giao thông (chuyên ngành Xây dựng cầu đường; Xây dựng đường bộ; Xây dựng công trình giao thông đô thị; Xây dựng đường sắt-metro); Kỹ thuật xây dựng công trình giao thông (gồm các Chương trình chất lượng cao: Cầu - Đường bộ Việt - Pháp, Việt - Anh; Công trình giao thông đô thị Việt - Nhật); Kỹ thuật xây dựng công trình giao thông (gồm các Chương trình chất lượng cao: Cầu • Đường bộ Việt • Pháp, Cầu - Đường bộ Việt - Anh, Công trình giao thông đô thị Việt -Nhật); Kỹ thuật xây dựng công trình Giao thông/ Xây dựng Cầu đường; Kỹ thuật xây dựng công trình giao thông (Tiếng Việt); Kỹ thuật xây dựng công trình giao thông (đào tạo bằng tiếng Việt); Mô hình thông tin công trình (BIM) trong dự án HTGT; Hạ tầng giao thông đô thị thông minh; Hệ thống thông tin",7580205;7580205-DN;TLA113;7580205QT;7580205V;7580205_01;GTADCBM2;GTADCBI2;7520219;GTADCCH2;7580205ĐS;7580205QT_1;7580205QT_2;7580205QT_3;758020512;7580205-CLC;7580205-DS;GSA18;GSA18DS;GSA18QT;GHA32;GHA32DS;GHA32QT1;GHA32QT2;GHA32QT3;XDA13;XDA14;UTHKGT01D;UTHKGT02D;7580205-DN;7580205A
11,Xây dựng - Kiến trúc - Giao thông,149,Thiết kế nội thất,Thiết kế nội thất bền vững; Thiết kế nội thất; Thiết kế nội thất (CT),7580108;7580108CT;7210407B;758020105A;7580108QT
11,Xây dựng - Kiến trúc - Giao thông,150,Quản lý xây dựng,"Xây dựng và Quản lý Dự án Xây dựng; Xây dựng và Quản lý Dự án Xây dựng (Nhóm ngành); Quản lý Dự án Xây dựng và Kỹ thuật Xây dựng; Quàn lý Dự án Xây dựng và Kỹ thuật Xây dựng (Nhóm ngành); Quản lý dự án xây dựng; Quản lý xây dựng; Chương trình liên kết quốc tế Ngành Quản lý xây dựng (Đại học Bedfordshire -Vương Quốc Anh cấp bằng, Học hoàn toàn bằng tiếng Anh); Quản lý xây dựng (Chương trình chất lượng cao Quản lý xây dựng Việt - Anh); Quản lý xây dựng/ Kinh tế và quản lý đô thị; Quản lý xây dựng/ Kinh tế và quản lý bất động sản; Quản lý xây dựng/ Quản lý hạ tầng. đất đai đô thị; Quản lý xây dựng/ Chuyên Quản lý hạ tầng, đất đai đô thị; Quản lý xây dựng/ Kiểm toán đầu tư xây dựng; Quản lý xây dựng (Chuyên ngành Quản lý bất động sản); Quản lý xây dựng (Chuyên ngành Quản lý vận tải và Logistics); Quản lý xây dựng (Chuyên ngành Kinh tề phát triển); Quản lý xây dựng – chương trình tiên tiến; Quản lý xây dựng - Chương trình tiên tiến; Quản lý xây dựng (Tiếng Việt); Quản lý xây dựng (đào tạo bằng tiếng Việt); Quản lý và vận hành hạ tầng (Tiếng Việt); Quản lý và vận hành hạ tầng (đào tạo bằng tiếng Việt); Quản lý công trình xây dựng; Quản lý vận tải và Logistics (Chuyên ngành thuộc ngành Quản lý xây dựng)",7580302;7580302LK;7580302-DN;TLA114;7580302A;7580302QT;7580302-3;7580302-1;7580302-2;7580302V;7580302_03;7580302_04;7580302_02;7580302_01;D130;7580201_2;215;115;7840110V;IU05;TLS114;N7580302;7580302BP;GTADCQX2;7580302_2;GSA20;GHA12;GHA12QT;XDA17;XDA18;XDA19;XDA20;XDA40;UTHKQX01A
11,Xây dựng - Kiến trúc - Giao thông,151,Khai thác vận tải,Khai thác vận tải; Khai thác vận tải (chuyên ngành Quản trị logistics và vận tải đa phương thức) – chương trình tiên tiến; Khai thác vận tải (chuyên ngành Quản trị logistics và vận tải đa phương thức) - Chương trình tiên tiến; Khai thác vận tải (chuyên ngành Quản lý và kinh doanh vận tải) – chương trình tiên tiến; Khai thác vận tải - Chương trình tiên tiến,7840101;784010102A;784010101A;7840101ĐS;7840101C1;7840101C2;GSA22;GHA08;GHA08DS;UTHKTH01A;UTHKTH01V;UTHKTH02A;UTHKTH03A
11,Xây dựng - Kiến trúc - Giao thông,153,"Đô thị, mỹ thuật đô thị",Mỹ thuật đô thị; Đô thị học,7210110;7580112;XDA06
11,Xây dựng - Kiến trúc - Giao thông,154,Quản lý phát triển đô thị và bất động sản,Quản lý phát triển đô thị và bất động sản,7580109;QHT95
11,Xây dựng - Kiến trúc - Giao thông,155,"Quản lý, khai thác và bảo trì đường cao tốc","Quản lý, khai thác và bảo trì đường cao tốc",GTADCBC2
11,Xây dựng - Kiến trúc - Giao thông,156,Quy hoạch vùng và đô thị,Quy hoạch vùng và đô thị; Quy hoạch vùng và đô thị (Chuyên ngành Thiết kế đô thị); Quy hoạch vùng và đô thị (Chất lượng cao); Quy hoạch vùng và đô thị (CLC),7580105;7580105CLC;75801051;7580105QT;HVN22;GSA16;XDA05
11,Xây dựng - Kiến trúc - Giao thông,157,"Thiết kế, quản trị đô thị",Quản lý đô thị và công trình; Thiết kế đô thị (Chương trình tiên tiến); Thiết kế đô thị (CT tiên tiến); Quản trị đô thị (thông minh & bền vững); Quản trị đô thị thông minh và bền vững,7580199;7900204;7580106;7580110
11,Xây dựng - Kiến trúc - Giao thông,158,"Xây dựng, quản lý Cầu - đường sắt",Xây dựng Cầu – đường sắt; Quản lý xây dựng; Quản lý và điều hành vận tải đường sắt; CNKT Đường sắt tốc độ cao; Đường sắt tốc độ cao,GTADCDS2;GTADCVS2;75201031;7580201I;GTADCHS2;GTADCHSA2;152
11,Xây dựng - Kiến trúc - Giao thông,159,Xây dựng công trình,Xây dựng công trình ngầm đô thị; Xây dựng công trình ngầm thành phố và Hệ thống tàu điện ngầm; Xây dựng công trình ngắm thành phố và Hệ thống tàu điện; Xây dựng công trình thủy; Xây dựng dân dụng và công nghiệp,7580204;7580201_1;D110;DS10
11,Xây dựng - Kiến trúc - Giao thông,160,Xây dựng và quản lý hạ tầng đô thị,Xây dựng và quản lý hạ tầng đô thị; Xây dựng và quản lý hạ tầng đô thị (Kỹ thuật cơ sở hạ tầng),GTADCKQ2;GTADCXQ2;TLA110;GHA30
11,Xây dựng - Kiến trúc - Giao thông,238,Kỹ thuật xây dựng công trình thủy,Kỹ thuật xây dựng/ Kỹ thuật Công trình thủy; Kỹ thuật xây dựng/Kỹ thuật công trình thủy; Kỹ thuật xây dựng/ Kỹ thuật công trình biển; Kỹ thuật xây dựng công trình thủy; Kỹ thuật xây dựng công trình thủy (chuyên ngành Xây dựng và quản lý cảng – công trình giao thông thủy),7580202;TLA101;7580201_05;7580201_04;GHA31;UTHKXT01D
12,Ngoại giao - Ngoại ngữ,865,Ngôn ngữ Tây Ban Nha,,7220206
12,Ngoại giao - Ngoại ngữ,869,Tiếng Anh du lịch,"Tiếng Anh du lịch, Giảng dạy tiếng Anh",7220201_B;7220201_C
12,Ngoại giao - Ngoại ngữ,53,Quan hệ công chúng,"Quan hệ công chúng, chuyên ngành Quan hệ công chúng chuyên nghiệp; Quan hệ công chúng, chuyên ngành Truyền thông marketing; Quan hệ công chúng",7320108;615;616;7320108_CLC2;7340115_QHC;QHX15;615_100;618;CLC2-04;FIDT10;7340115QH;QQ615;QQ616;QQ618
12,Ngoại giao - Ngoại ngữ,161,Ngôn ngữ Anh,"Ngôn ngữ Anh; Ngôn ngữ Anh (CN: Tiếng Anh hàng không; CN: Tiếng Anh du lịch; CN: Tiếng Anh thương mại); Tiếng Anh thương mại; Ngôn ngữ Anh, 2 chuyên ngành: - Ngôn ngữ Anh; - Phiên dịch - Biên dịch tiếng Anh.; Ngôn ngữ Anh (04 chuyên ngành: Biên - phiên dịch; Tiếng Anh du lịch; Giảng dạy Tiếng Anh; Song ngữ Anh - Trung); Ngôn ngữ Anh (Tiếng Anh ứng dụng); Ngôn ngữ Anh - Biên - phiên dịch - Tiếng Anh kinh doanh - Tiếng Anh du lịch; Ngôn ngữ Anh; 2 chuyên ngành: - Ngôn ngữ Anh; - Phiên dịch - Biên dịch tiếng Anh;; Ngôn ngữ Anh (04 chuyên ngành: Biên - phiên dịch; Tiếng Anh du lịch; Giảng dạy Tiếng Anh; Song ngữ Anh -Trung); Ngôn ngữ Anh (CN Thương mại và Du lịch); Ngôn ngữ Anh TT; Ngôn ngữ Anh - chương trình tiên tiến (TT); Song ngữ Anh - Hàn; Ngôn ngữ Anh (Song ngữ Anh - Hàn); Song ngữ Anh - Trung; Ngôn ngữ Anh (Song ngữ Anh - Trung); Ngôn ngữ Anh (chuẩn quốc tế); Ngôn ngữ Anh (Đặc biệt); Ngôn ngữ Anh (liên kết với Trường Đại học Minnesota Crookston, Hoa Kỳ); Ngôn ngữ Anh (Chương trình liên kết với ĐH West of England) (2+2); Ngôn ngữ Anh (Chương trình liên kết với ĐH West of England) (3+1); Ngôn ngữ Anh (Chương trình liên kết với ĐH Wcst of England) (4+0); Ngôn ngữ Anh (Chương trình liên kết với ĐH West of England) (4+0); Ngôn ngữ Anh (Tiếng Anh du lịch); Ngôn ngữ Anh (CTCLC); Ngôn ngữ Anh (CT chất lượng cao); Ngôn ngữ Anh Chất lượng cao; Tiêng Anh biên - phiên dịch (ngành Ngôn ngữ Anh); Tiếng Anh du lịch - thương mại (ngành Ngôn ngữ Anh); Phương pháp giảng dạy tiếng Anh (ngành Ngôn ngữ Anh); Ngôn ngữ Anh (chương trình chất lượng cao); Ngôn ngữ Anh (Chương trình CLC); Lý luận và PP dạy học bộ môn tiếng Anh (nhận bằng Cử nhân ngành Ngôn ngữ Anh); Ngôn ngữ Anh (chuyên ngành Tiếng anh thương mại, logistics và vận tải quốc tế) – chương trình học hoàn toàn bằng tiếng Anh; Ngôn ngữ Anh (chuyên ngành Tiếng Anh thương mại; logistics và vận tải quốc tế) - Chương trình học hoàn toàn bằng tiếng Anh; Ngôn ngữ Anh (Khu Hòa An); Ngôn ngữ Anh (Đào tạo 2 năm đầu tại Kon Tum); Ngôn ngữ Anh (PHNT); Ngôn ngữ Anh (Tiếng Việt); Ngôn ngữ Anh (đào tạo bằng tiếng Việt); Ngôn ngữ Hàn Quốc; Ngôn ngữ Anh (TA hệ số 2); Ngôn ngữ Anh - Chất lượng cao; Ngôn ngữ Anh - Chương trình đại học bằng tiếng Anh; Ngôn ngữ Anh - Chương trình học tại Phân hiệu Khánh Hòa; Ngành Ngôn ngữ Anh; Ngôn ngữ Anh (Tiếng Anh thương mại); Tiếng Anh tài chính kế toán",NTH04;7220201DKD;7220201DKK;7220201DL;7220201N;7220201_DB;FL01;FLE1;GTADCEN2;HQT02;HVN17;N7220201;QHQ09;TLA203;F7220201;FA7220201;7220201TT;7220201_CLC;7220201CLC;7220201WE4;7220201WE2;7220201_WE2;7220201WE3;7220201_WE3;7220201_WE4;7220201E;7220201C;7220201KT;7220201H;7220201_LKH;7220201_AH;7220201_AT;D125;7220201A;7220201_HG;7220201_LC;7220201V;7220201C3;7220201C1;7220201C2;7220201CT;AP01;7220201-HàNội;TM33;7220201_Nam;7220201_Nu;FL02;IU01;DTV-7220201-01;7380101LA;7810201QA;CN1-7220201;7220201;TLS203;K7220201;7220201_100;7220201BP;7220201_01;HC05.01;7220201LK;7220201QT;HC0512;GHA01;GSA01;7220201B;A1AA;722020102;7220201TC;UTHNNA01A;UTHNNA01E;UTHNNA01V;NN7220201
12,Ngoại giao - Ngoại ngữ,162,Ngôn ngữ Trung Quốc,"Ngôn ngữ Trung Quốc; Ngôn ngữ Trung Quốc (Liên kết quốc tế Ngôn ngữ Trung Quốc); Ngôn ngữ Trung Quốc - Ngôn ngữ Trung Quốc - Ngôn ngữ Trung - Anh; Ngôn ngữ Trung Quốc - Ngôn ngữ Trung - Anh; Ngôn ngữ Tiếng Trung; Ngôn ngữ Trung; Ngôn ngữ Trung Quốc; Ngôn ngữ Trung Quốc TT; Ngôn ngữ Trung Quốc - TT; Ngôn ngữ Trung Quốc (chuẩn quốc tế); Ngôn ngữ Trung Quốc ( LK với ĐHSP Quảng Tây, TQ); Ngôn ngữ Trung Quốc (Chất lượng cao); Ngôn ngữ Trung Quốc Chất lượng cao; Tiếng Trung biên - phiên dịch (ngành Ngôn ngữ Trung Quốc); Tiếng Trung du lịch - thương mại (ngành Ngôn ngữ Trung Quốc); Phương pháp giảng dạy tiếng Trung (ngành Ngôn ngữ Trung Quốc); Ngôn ngữ Trung Quốc (Chương trình liên kết đào tạo 2+2 với ĐH Khoa học kỹ thuật Quảng Tây - Trung Quốc); Ngôn ngữ Trung Quốc (LK2+2 với ĐHKHKT Quảng Tây); Ngành Ngôn ngữ Trung; Tiếng Trung Khoa học và Công nghệ",7220204;7220204A;7220204B;7220204DL;FLC1;TLA204;7220204TT;7220204_LKT;7220204C;7220204_CLC;7220204LK;7220204C3;NTH06;7220204C1;7220204C2;FL3;TM40;TM41;7220204_Nam;7220204_Nu;7220204_Nam;7220204_Nu;CL;LK7220204;F7220204;7220204_01;7220204_01;7220204_KT;HVN18;7220204_LK;7220204QT;BL7220204;CU7220204
12,Ngoại giao - Ngoại ngữ,163,Ngôn ngữ Đức,Ngôn ngữ Đức; Ngôn ngữ Đức (chuẩn quốc tế),7220205;7220205CLC;7220205_CLC;7220205QT
12,Ngoại giao - Ngoại ngữ,164,Ngôn ngữ Nga,Ngôn ngữ Nga,7220202;7220202_Nam;7220202_Nu
12,Ngoại giao - Ngoại ngữ,165,Ngôn ngữ Nhật,Ngôn ngữ Nhật; Ngôn ngữ Nhật Bản; Ngôn ngữ Nhật  (Chất lượng cao); Ngôn ngữ Nhật Chất lượng cao; Ngành Ngôn ngữ Nhật; Ngôn ngữ văn hóa Nhật bản,NTH07;7220209;FLJ1;JL;7220209C;7220209_02;7220209A
12,Ngoại giao - Ngoại ngữ,166,Ngôn ngữ Pháp,Ngôn ngữ Pháp; Ngành Ngôn ngữ Pháp,NTH05;7220203;FLF1
12,Ngoại giao - Ngoại ngữ,168,Quan hệ quốc tế,"Quan hệ quốc tế, chuyên ngành Thông tin đối ngoại; Quan hệ quốc tế, chuyên ngành Quan hệ chính trị và Truyền thông quốc tế; Quan hệ quốc tế, chuyên ngành Quan hệ quốc tế và Truyền thông toàn cầu; Quan hệ quốc tế; Quan hệ quốc tế (chuẩn quốc tế); Quan hệ quốc tế (liên kết với ĐH Deakin, Úc)",7310206;7310206DL;HQT01;7310206_CLC;7310206_LKD;611;614;610;7310206_Nu;7310206_Nam;610_100;611_100;614_100;7310206LK;7310206QT;QT610;QT611;QT614
12,Ngoại giao - Ngoại ngữ,169,Ngôn ngữ Ả Rập,Ngôn ngữ Ả Rập,7220211
12,Ngoại giao - Ngoại ngữ,170,Thương mại quốc tế,Chương trình tiêu chuẩn Thương mại quốc tế,KTEH1.2;GTADCCI2
12,Ngoại giao - Ngoại ngữ,171,Ngôn ngữ Bồ Đào Nha,Ngôn ngữ Bồ Đào Nha,7220207
12,Ngoại giao - Ngoại ngữ,172,Ngôn ngữ Hàn Quốc,Ngôn ngữ Hàn Quốc; Kinh doanh thương mại Hàn Quốc,FLK1;KL;73106a1;7220210;7220210TT;FL4;7220210_LA;7220210A;A1HH
12,Ngoại giao - Ngoại ngữ,173,Ngôn ngữ Italia,Ngôn ngữ Italia; Ngôn ngữ Italia TT; Ngôn ngữ Italia - TT,7220208;7220208TT
12,Ngoại giao - Ngoại ngữ,174,Ngôn ngữ Khmer,Ngôn ngữ Khmer; Sư phạm Tiếng Khmer,7220106
12,Ngoại giao - Ngoại ngữ,175,Ngôn ngữ Thái Lan,Ngôn ngữ Thái Lan,7220214
12,Ngoại giao - Ngoại ngữ,176,Ngôn ngữ và Văn hóa các dân tộc thiểu số Việt Nam,Ngôn ngữ và Văn hóa các dân tộc thiểu số Việt Nam,7220113;7220112;7220112_TD
12,Ngoại giao - Ngoại ngữ,177,Quản trị kinh doanh & Luật,Quản trị kinh doanh & Luật,7340101QL
12,Ngoại giao - Ngoại ngữ,178,Tiếng Anh chuyên nghiệp quốc tế,Tiếng Anh chuyên nghiệp quốc tế,FL2
12,Ngoại giao - Ngoại ngữ,179,Tiếng Anh KHKT và Công nghệ,Tiếng Anh KHKT và Công nghệ,FL1
12,Ngoại giao - Ngoại ngữ,180,Tiếng Anh Thương mại,Tiếng Anh thương mại (TA hệ số 2); Chương trình tiêu chuẩn Tiếng Anh Thương mại; Chương trình CLC Tiếng Anh Thương mại,NNAH2.1;NNAH1.1;D124;7220201_A;;NTH.NN.H19;NT.NN.H19;NTHNN19
12,Ngoại giao - Ngoại ngữ,181,Tiếng Nhật thương mại,Chương trình tiêu chuẩn Tiếng Nhật thương mại; Chương trình CLC ngành Tiếng Nhật thương mại,NNNH2.1;NNNH1.1;7220209_01;NTH.NN.H21;NT.NN.H21;NTHNN21
12,Ngoại giao - Ngoại ngữ,182,Tiếng Pháp thương mại,Chương trình tiêu chuẩn Tiếng Pháp thương mại; Chương trình CLC Tiếng Pháp thương mại,NNPH2.1;NNPH1.1;NTH.NN.H22;NT.NN.H22;NTHNN22
12,Ngoại giao - Ngoại ngữ,183,Tiếng Trung Thương mại,Chương trình tiêu chuẩn Tiếng Trung Thương mại; Chương trình CLC Tiếng Trung Thương mại; Ngôn ngữ Trung Quốc (Tiếng Trung thương mại),NNTH2.1;NNTH1.1;NTH.NN.H20;NT.NN.H20;NTHNN20
12,Ngoại giao - Ngoại ngữ,184,Văn hóa và truyền thông xuyên quốc gia,Văn hóa và truyền thông xuyên quốc gia,7220212;7220212QTD
13,Ngoại thương - Xuất nhập khẩu - Kinh Tế quốc tế,185,Kinh doanh quốc tế,"Kinh doanh quốc tế; Kinh doanh quốc tế (Chương trình tiên tiến); Kinh doanh quốc tế (Chuyên ngành: Thương mại quốc tế); Kinh doanh quốc tế (Tiếng Anh); Kinh doanh quốc tế (CTCLC); Thương mại quốc tế & Kinh doanh trực tuyến (ngành Kinh doanh quốc tế); Kinh doanh quốc tế & Ngôn ngữ Anh; Kinh doanh quốc tế & Luật; Kinh doanh quốc tế (Tiếng Việt); Kinh doanh Quốc tế (đào tạo bằng tiếng Việt); Kinh doanh quốc tế & Logistics; Kinh doanh quốc tế - Chương trình dự bị đại học bằng tiếng Anh; Kinh doanh quốc tế (song bằng 3 +1) - Chương trình dự bị liên kết Đại học La Trobe (Úc); Kinh doanh quốc tế (song bằng 3+1) – Chương trình dự bị liên kết Đại học La Trobe (Úc); Kinh doanh quốc tế - Chất lượng cao; Kinh doanh quốc tế - Chương trình đại học bằng tiếng Anh; Kinh doanh quốc tế (các học phần chuyên ngành học bằng tiếng anh); Kinh doanh quốc tế (Liên kết với ĐH Coventry, Anh quốc. Cấp song bằng); Kinh doanh quốc tế (Liên kết với DH Covcntry, Anh quốc, cấp song băng); Kinh doanh quốc tế (Chương trình Chất lượng cao); Kinh doanh quốc tế (song bằng 3 +1) - Chương trình liên kết Đại học La Trobe (Úc); Kinh doanh quốc tế (song bằng 3+1) – Chương trình liên kết Đại học La Trobe (Úc); Chương trình CLC Kinh doanh quốc tế; Chương trình tiên tiến i-Hons hợp tác với Đại học Queensland về Kinh doanh quốc tế và Phân tích dữ liệu kinh doanh; Kinh doanh quốc tế  (Thương mại quôc tế); Kinh doanh quốc tế (Thương mại quốc tế); Kinh doanh quốc tế (Thương mại quốc tế -Chương trinh định hirổng chuyên sâu nghề nghiệp quốc tế - IPOP); Kinh doanh quốc tế (Thương mại quốc tế - Chương trình định hướng chuyên sâu nghề nghiệp quốc tế -IPOP); Kinh doanh quốc tế (Thương mại quốc tế - Chương trình định hướng chuyên sâu nghề nghiệp quốc tế - 1P0P); Kinh doanh quốc tế (Theo định hướng ICAEW CFAB); Chương trình ĐHNNQT Kinh doanh quốc tế theo mô hình tiên tiến Nhật Bản; Kinh doanh quốc tế (CT TT i-Hons Kinh doanh quốc tế và Phân tích dữ liệu kinh doanh)",7340120;7310120;7340120C;7340120_408;7340120_TATP;7340120_TH;HQT06;IB01;QHQ01;F7340120;FA7340120;D7340120;KDQH2.1;KDQH4.1;FBE6;IB04;IB03;DK7340120L;K7340120L;7340120_408E;7340120V;7340120C1;A409;7340120KL;7340120KA;340120QT15.01;KDQH2.3;KDQQ1.1;TM19;TM20;7340120QT15.01;KDQH1.1_1;7310106_01;7340120BP;7340120S;7340120_ΤΑТР;GTADCKQA2;NTH.KD.H05;NTH.KD.H06_1;NTH.KD.H06_2;NTH.KD.H07_2;NTH.KK.Q29_2;7340120A;408;408_I;408E;TT2-02;HC15.01QT;NT.KD.H05;NT.KD.H06_1;NT.KD.H06_2;NT.KD.H07_2;NT.KK.Q29_2;7340120_LK;HC1501QT;HY1502;CU7340120;GSA03;NTHKD05;NTHKD06;NTHKD06_CLC;NTHKD07_DHNN;NTHKK23;NTHLS17_DHNN;KDQH1.1
13,Ngoại thương - Xuất nhập khẩu - Kinh Tế quốc tế,186,Logistics,Logistics và Hệ thống Công nghiệp; Logistics số; Logistics và hạ tầng giao thông; Logistics và vận tải đa phương thức; Logistics - Trường Đại học Tongmyong - Hàn Quốc cấp bằng; hải quan và Logistics,GTADKLG2;FIDT4;GTADCLH2;128;228;GTADCVL2;7520320A;7840104E;GTADCHQ2;GTADCLHA2;7310101_04;7310101_20;NTH.KT.S24;MAT02
13,Ngoại thương - Xuất nhập khẩu - Kinh Tế quốc tế,187,Logistics và Quản lý chuỗi cung ứng,"Logistics và quản lý chuỗi cung ứng; Logistic và quản lý chuỗi cung ứng; Logistics & Quản lý chuỗi cung ứng; Logistics và QL chuỗi cung ứng; Quản trị nhân lực; Logictics và chuỗi cung ứng; Logistics và Quản lý chuỗi cung ứng/ Logistics đô thị; Logistics và quản lý chuỗi cung ứng – chương trình tiên tiến; Logistics và quản lý chuỗi cung ứng - Chương trình tiên tiến; Logistics cảng biển - Xuất nhập khẩu - Giao nhận vận tải quốc tế (ngành Logistics và Quản lý chuỗi cung ứng); Logistics cảng hàng không - Xuất nhập khẩu - Giao nhận vận tải quốc tế (ngành Logistics và Quản lý chuỗi cung ứng); Logistics và Quản lý chuỗi cung ứng (Quản lý Logistics cảng biển - XNK -Giao nhận vận tài quốc tế); Logistics và quản lý chuỗi cung ứng (Quản lý Logistics cảng hàng không -XNK - Giao nhận vận tải quốc tế); Logistics và quản lý chuỗi cung ứng – chương trình học hoàn toàn bằng tiếng Anh; Logistics và quản lý chuỗi cung ứng - Chương trình học hoàn toàn bằng tiếng Anh; Logistics và Quản lý chuỗi cung ứng & Ngôn ngữ Anh; Logistics và Quản lý chuỗi cung ứng (Liên kết với Đài Loan); Logistics và Ọuản lý chuỗi cung ứng; Logistics và Quản lý chuỗi cung ứng (FIATA cấp Chứng chỉ Giao nhận vận tải quốc tế); Logistics và quản lý chuỗi cung ứng (Tiếng Việt); Logistics và quản lý chuỗi cung ứng (đào tạo bằng tiếng Việt); Logistics & chuỗi cung ứng; Logistics và Quản lý chuỗi cung ứng (CT tiên tiến); Logistics và QLCCC tích hợp CCQT (LSIC); Logistics và Quản lý CCU tích hợp chứng chỉ Logistic quốc tế (LSIC); Logistics và quản lý chuỗi cung ứng (một số học phần chuyên ngành học bằng tiếng anh); Logistics và quản lý chuỗi cung ứng (tăng cường tiếng Nhật, định hướng thực tập và làm việc tại Nhật Bản); Logistics và Quân lý chuỗi cung ứng (Logistics và Quản lý chuỗi cung úng); Logistics và Quản lý chuỗi cung ứng (Logistics và xuất nhập khẩu - Chương trình định hướng chuyên sâu nghề nghiệp quốc tế -IPOP); Logistics và Quản lý chuỗi cung ứng (Logistics và xuất nhập khẩu - Chương trình định hướng chuyên sâu nghề nghiệp quốc tế - 1POP); Logistics và Quản lý chuỗi cung ứng (Logistics và xuất nhập khẩu - Chương trình định hướng chuyên sâu nghề nghiệp quốc tế - IPOP); Tài chính doanh nghiệp; Digital Marketing; Quản trị Marketing; Quản trị Kinh doanh quốc tế; Kinh tế quốc tế; Logistics và Quản lý chuỗi cung ứng; Thương mại điện tử; Kiểm toán tích hợp chứng chỉ ACCA; Chương trình ĐHNNQT Logistics và Quản lý chuỗi cung ứng; Chương trình ĐHNNQT Logistics và Quản lý chuỗi cung ứng; Quản lý logistics và chuỗi cung ứng",7510605C1;7510605C2;7510605DKD;7510605DKK;D407;7510605NB;7510605CT1;7510605DL;7510605_CLC;GTADCLG2;HVN07;IB02;TLA407;7510605-DN;7510605_01;7510605E;7510605A;7510605LA;EM-E14;7510605TN;7510605LKĐTNN;FBE7;7510605CT2;7510605CT3;GTADNLG2;7510605V;EP14;7340101_LOG;7510605_CLC3;KDQH2.2;KDQS2.1;IU05;TM17;TM18;7340120_420;LS;7310106_02;7840104;TLS407;7510605S;7510605BP;GTADCLGA2;GTADCLGJ2;420;CLC3-06;EP20;IB06;NT.KT.H03;NT.KT.H02_2;NT.KT.H02_1;NT.KT.S24;TM46;TM48;GHA10;GHA10QT;GSA08;GSA08QT;751060502;EM-E14_A01;EM-E14_D01;NTHKT03;NTSKT02;7510605HQ;7510605TC;XDA23;XDA24;XDA25;7510605_CN;7510605_QT;UTHIECKTV;UTHIECLOG;UTHIECLOW;UTHKMT02A;UTHKMT02V;UTHLOG01A;UTHLOG01E;UTHLOG01V;7340101LG;7340101KT
13,Ngoại thương - Xuất nhập khẩu - Kinh Tế quốc tế,188,Kinh tế đối ngoại,Kinh tế ngoại thương (CLC); Chương trình tiên chuẩn Kinh tế đối ngoại; Chương trình CLC Kinh tế đối ngoại; Chương trình tiên tiến Kinh tế đối ngoại; Chương trình tiêu chuẩn Kinh tế và Phát triển quốc tế; Kinh tế đối ngoại,KTEH1.1;KTES1.1;KTEH2.1;KTEH4.1;KTQH1.2;H402;NTH.KT.H01;NTH.KT.H02_1;NTH.KT.H02_2;NTH.KT.S23_1;NTH.KT.S23_2;402;NT.KT.H01;NT.KT.H02;NT.KT.S23_1;NT.KT.S23_2;NTHKT01;NTHKT02;NTHKT02_CLC;NTSKT01;NTSKT01_CLC
13,Ngoại thương - Xuất nhập khẩu - Kinh Tế quốc tế,189,Tài chính quốc tế,Chương trình tiêu chuẩn Tài chính quốc tế; Tài chính quốc tế,TCHH1.1;TCHS1.1;7340201Q;7340206
13,Ngoại thương - Xuất nhập khẩu - Kinh Tế quốc tế,190,Hải quan và Logistics,Hải quan và Logistics (theo định hướng FIATA); Hải quan và Logistics,GTADCH2;GTADCHL2;7340201C06;7340201QT01.06;HC01.06QT;HS01.06QT
13,Ngoại thương - Xuất nhập khẩu - Kinh Tế quốc tế,191,Quản trị Hải quan - Ngoại thương,Quản trị Hải quan - Ngoại thương,7340201_07
13,Ngoại thương - Xuất nhập khẩu - Kinh Tế quốc tế,192,Quản trị và Kinh doanh Quốc tế,Quản trị và Kinh doanh Quốc tế; Chương trình tiêu chuẩn Quản trị kinh doanh quốc tế,7340124;QTKH1.1;QTKS1.1;KDQH1.1_2
13,Ngoại thương - Xuất nhập khẩu - Kinh Tế quốc tế,193,Truyền thông quốc tế,Truyền thông quốc tế,7320107;HQT05;7320107_100;QT7320107
14,Du lịch-Khách sạn,912,"Quản trị lữ hành, khách sạn","Quản trị lữ hành, khách sạn",7810103_02
14,Du lịch-Khách sạn,194,Du lịch,Du lịch; Ngành Du lịch; Du lịch - Văn hóa du lịch; Du lịch (Khu Hòa An); Du lịch điện tử; Du lịch địa chất; Quản lý an toàn; sức khỏe và môi trường; Du lịch sinh thái; Du lịch (định hướng quản trị du lịch); Du lịch (CTĐT bằng tiếng Anh),7810101;7810101_CLC;7810101_HG;FTS1;7810101H;7810105;7810102;7850104;7810101TA;N7810101H;7810204-CTTT;HVN20;EP27;7810101_GL;7810101HQ;7810101TC;HVN19_1
14,Du lịch-Khách sạn,195,Hướng dẫn du lịch,"Du lịch - Lữ hành, hướng dẫn du lịch; Du lịch - Hướng dẫn du lịch quốc tế; Quản trị dịch vụ du lịch và lữ hành - Quản trị du lịch cộng đồng; Ngành Quản trị dịch vụ du lịch và lữ hành, chuyên ngành Hướng dẫn du lịch; Hướng dẫn du lịch quốc tế",FTS4;7810101C;7810101B;7810103B;7810103_03
14,Du lịch-Khách sạn,196,Quản trị dịch vụ du lịch và lữ hành,"Quản trị kinh doanh (Quản trị du lịch và lữ hành); Quản trị kinh doanh (Chuyên ngành Quản trị du lịch và lữ hành); Quản trị kinh doanh - Chuyên ngành Quản trị dịch vụ du lịch và lữ hành số; Quản trị dịch vụ du lịch và lữ hành; Quản trị dịch vụ du lịch và lữ hành (CN: Quản trị lữ hành; CN: Quản trị nhà hàng khách sạn); Quản trị Dịch vụ Du lịch & Lữ hành; Quản trị dịch vụ du lịch và lữ hành (Quản trị khách sạn và khu nghỉ dưỡng cao cấp và các chuyên ngành khác); Quản trị dịch vụ du lịch và lữ hành gồm 03 chuyên ngành: -  Quản trị dịch vụ du lịch và lữ hành; -  Quản trị khách sạn; -  Quản trị nhà hàng và dịch vụ ăn uống; QTDV du lịch và lữ hành; Quản trị dịch vụ du lịch và lữ hành (dạy bằng tiếng Anh); Quản trị dịch vụ du lịch và lữ hàng; Quản trị DV Du lịch và Lữ hành; Quản trị dịch vụ du lịch và lữ hành TT; Quản tri dịch vụ du lịch và lữ hành (dạy bằng tiếng Anh) - TT; Quản trị dịch vụ du lịch và lữ hành (chuẩn quốc tế); Quản trị dịch vụ du lịch lữ hành (Chương trình đặc biệt); Ngành Quản trị dịch vụ du lịch và lữ hành, chuyên ngành Quản trị lữ hành; Quản trị dịch vụ du lịch và lữ hành (CTCLC); Quản trị dịch vụ du lịch và lữ hành & Ngôn ngữ Anh; Quản trị dịch vụ du lịch và lữ hành (Liên kết với Đài Loan); Quản trị dịch vụ du lịch và lữ hành (Chương trình song ngữ Pháp - Việt); Quản trị dịch vụ du lịch và lữ hành (Chương trình song ngữ Pháp-Việt); Quản trị dịch vụ du lịch và lữ hành (đào tạo tại cơ sở TPHCM); Quản trị dịch vụ du lịch và lữ hành (CN: Quản trị dịch vụ thương mại hàng không); Quản trị kinh doanh, Thương mại và Du lịch; POHE-Quản trị lữ hành; Quản trị lữ hành; Quản trị dịch vụ du lịch và lữ hành (Quản trị dịch vụ du lịch và lữ hành - Chương trinh định hướng nghề nghiệp); Quản trị dịch vụ du lịch và lữ hành (Quản trị dịch vụ du lịch và lữ hành); Quản trị dịch vụ du lịch và lữ hành (CTĐT bằng tiếng Anh); Quản trị dịch vụ du lịch và lữ hành (CN: Quản trị dịch vụ thương mại hàng không); Quản trị dịch vụ du lịch và lữ hành (CN: Quản trị khách sạn nhà hàng); Lữ hành và du lịch",7810103;7810103A;7810103C;7810103D;7810103DKD;7810103DKK;7810103PH;7810103_DT;TLA406;7810103DA;7810103_CLC;7810103P;7810103T;7810103TT;7810103LKĐTNN;7810103DL;7340101ET;7340101_415;POHE2;7810103TA;7810103H;7810103-HàNội;7810103-QuảngNam;TM06;QHX17;7810103C1;7810103NB;7810103-HG;7810103S;GTADCLD2;GTADCLDA2;7810103_01;415;HVN21;TM50;7810103QT;GSA21;7810103TC;GHA07
14,Du lịch-Khách sạn,197,Quản trị du lịch và khách sạn,Quản trị du lịch và khách sạn; Quản trị du lịch; Kinh doanh du lịch số,7810103-TA;7810104;FTS3;BUS03
14,Du lịch-Khách sạn,198,Quản trị khách sạn,"Quản trị khách sạn; Quản trị Khách sạn (khu nghỉ dưỡng, resort & spa); Quản trị nhà hàng - khách sạn và dịch vụ ăn uống (ngành Quản trị khách sạn); Quản trị khách sạn (Chương trình đặc biệt); Quản trị du lịch - nhà hàng - khách sạn (ngành Quản trị khách sạn); Quản trị khách sạn – Chương trình Elite; Quản trị khách sạn & Ngôn ngữ Anh; Quản trị Khách sạn – Nhà hàng; Quản trị Khách sạn - Nhà hàng; Quản trị khách sạn quốc tế (IHME); POHE-Quản trị khách sạn; Chương trình ĐHNNQT Quản trị khách sạn; Quản trị khách sạn (Quản tri khách sạn -Chương trình định hướng nghề nghiệp); Quản trị khách sạn (Quản trị khách sạn - Chương trình định hướng nghề nghiệp); Quản trị khách sạn (Quản trị khách sạn); Quản trị khách sạn (Quản trị khách sạn -Chương trình định hướng chuyên sâu nghề nghiệp quốc tế - IPOP); Quản trị khách sạn (Quản trị khách sạn - Chương trình định hướng chuyên sâu nghề nghiệp quốc tế -1POP); Quản trị khách sạn (Quản trị khách sạn - Chương trình định hướng chuyên sâu nghề nghiệp quốc tế - IPOP); Quản trị khách sạn (CTĐT bằng tiếng Anh)",7810201;QKSH2.1;POHE1;7810201C2;7810201DKD;7810201DKK;7810201DL;7810201_01;7810201_DT;FTS2;7810201E;7810203;7810201QA;7810201A;78102010;EP11;7810201TA;TM04;TM05;QHX18;7810201C1;7810201NB;7810201S;NTH.QK.H12_1;NT.QK.H12_1;NTHQK12_DHNN
14,Du lịch-Khách sạn,199,Quản trị nhà hàng - khách sạn,Quản trị kinh doanh (Chuyên ngành Quản trị nhà hàng - khách sạn) - Chương trình dự bị đại học bằng tiếng Anh; Quản trị kinh doanh (chuyên ngành Quản trị nhà hàng - khách sạn) (song bằng 2.5+1.5) - Chương trình dự bị liên kết Đại học Taylor’s (Malaysia); Quản trị nhà hàng - khách sạn (song bằng 2.5+1.5) - Chương trình dự bị liên kết Đại học Taylor's (Malaysia); Quản trị kinh doanh (Chuyên ngành Quản trị nhà hàng - khách sạn) - Chất lượng cao; Quản trị kinh doanh (Chuyên ngành Quản trị nhà hàng - khách sạn) - Chương trình đại học bằng tiếng Anh; Quản trị nhà hàng - khách sạn (song bằng 2.5+1.5) - Chương trình liên kết Đại học Taylor’s (Malaysia); Quản trị nhà hàng - khách sạn (song bằng 2.5+1.5) - Chương trình liên kết Đại học Taylor's (Malaysia); Quản trị kinh doanh (Chuyên ngành Quản trị nhà hàng - khách sạn) - Chương trình học tại Phân hiệu Khánh Hòa; Quản trị kinh doanh (Chuyên ngành Quản trị nhà hàng - khách sạn); Quản trị dịch vụ du lịch và lữ hành (CN: Quản trị khách sạn nhà hàng),K7340101N;DK7340101N;D7340101N;N7340101N;F7340101N;FA7340101N;7810103H;7340101N_1;7340101
14,Du lịch-Khách sạn,200,Quản trị nhà hàng và dịch vụ ăn uống,Quản trị nhà hàng và dịch vụ ăn uống; Quản trị nhà hàng & dịch vụ ăn uống; Quản trị Nhà hàng và DV Ăn uống; Quản trị nhà hàng & Dịch vụ ăn uống – Chương trình Elite; Quản trị nhà hàng và dịch vụ ăn uống (Tiếng Việt); Quản trị nhà hàng và dịch vụ ăn uống (đào tạo bằng tiếng Việt); Quản trị nhà hàng và dịch vụ ăn uống (CTĐT bằng tiếng Anh),7810202;7810202E;7810202_DT;7810202V;7810202TA
14,Du lịch-Khách sạn,201,Quản trị sự kiện,Quản trị sự kiện; Quản trị sự kiện và dịch vụ giải trí; Quản trị giải trí và sự kiện,7340412;7810201_02;EP18
14,Du lịch-Khách sạn,202,Quốc tế học,Quốc tế học; Tâm lí học; Quốc tế học (Chương trình dạy và học bằng tiếng Anh); Quốc tế học (dạy bằng tiếng Anh); Quản lý du lịch Quốc tế,7310601;7810204;QHX20;VJU7
14,Du lịch-Khách sạn,204,Tài nguyên và Du lịch sinh thái,Tài nguyên và Du lịch sinh thái; Tài nguyên và Du lịch sinh thái (PHGL),7859002;7859002G
14,Du lịch-Khách sạn,205,Văn hóa Du lịch,Văn hóa Du lịch,7810106;7810101A
14,Du lịch-Khách sạn,386,Địa lý học,Địa lý học (chuyên ngành Địa lý du lịch); Địa lý học; Địa lý học (Địa lý du lịch); Địa lý học (chuyên ngành Địa lý du lịch); Địa lý tự nhiên,7310501;QHT10
15,Ô tô - Cơ khí - Chế tạo,870,công nghệ ô tô điện,Công nghệ ô tô; Công nghệ ô tô điện và ô tô hybrid,7520130_B;GTADCOH2;7510205_OT;CHE2
15,Ô tô - Cơ khí - Chế tạo,907,Cơ điện tử ô tô,Cơ điện tử ô tô,GTADCOD2;GTADCODA2
15,Ô tô - Cơ khí - Chế tạo,539,Quản lý công nghiệp,Quản lý công nghiệp; Quản lí công nghiệp,7510601;EM2;323;7510601A;7510601BP;7510601V;NTH.KD.H08_2;123;NT.KD.H08_1;NT.KD.H08_2;223;EM2_A00;EM2_D01;NTHKD08_DHNN;7510601B
15,Ô tô - Cơ khí - Chế tạo,206,Công nghệ kỹ thuật ô tô,Công nghệ kỹ thuật ô tô; Công nghệ kỹ thuật; Công nghệ kỹ thuật ô tô gồm 02 chuyên ngành: Công nghệ kỹ thuật ô tô; Công nghệ kỹ thuật ô tô điện; Kỹ thuật ô tô (CN); Kỹ thuật ô tô điện (CN); Công nghệ kỹ thuật ô tô điện; Công nghệ kỹ thuật ô tô (chuyên ngành Ô tô điện); Công nghệ kỹ thuật ô tô (Tiếng Anh); Công nghệ kỹ thuật ô tô – chương trình tiên tiến; Công nghệ kỹ thuật ô tô (chuyên ngành Ô tô điện); Công nghệ kỹ thuật ô tô - Chương trình tiên tiến; Công nghệ kỹ thuật ô tô (đào tạo bằng tiếng Anh); Công nghệ kỹ thuật ô tô (đào tạo 2 năm đầu tại Kon Tum); Công nghệ kỹ thuật ô tô (Việt - Nhật); Công nghệ kỹ thuật ô tô (chương trình Việt - Nhật); Công nghệ kỹ thuật ô tô (Tiếng Việt); Công nghệ kỹ thuật ô tô (đào tạo bằng tiếng Việt); Công nghệ ô tô; Công nghệ ô tô điện; Công nghệ kỹ thuật điện tử - viễn thông; Công nghệ kỹ thuật ô tô và giao thông thông minh; Công nghệ kỹ thuật Ô tô (học tại Vĩnh Phúc); Công nghệ kỹ thuật ô tô và Cơ điện tử,7510205;7510205_NB;7510205-DN;7510205DKD;7510205DKK;7510205DL;7510205NB;7510205_CLC;GTADCOT2;GTADCOTI;7510205N;7510205A;7510205KT;GTADCOT1;7510205V;7510205N;7510205C;75102050;HVN04;GTADCGO2;GTADCOG2;7510212;7520141;75102033;7510205TA;1111;7510205;7510205C1;7510205BP;7520141_1;7510205DS;751020502;7510205HQ;7510205TC;7520130TC;7510205-01;7510205_1;UTHCOT01A;7510205B
15,Ô tô - Cơ khí - Chế tạo,207,Kỹ thuật ô tô,"Kỹ thuật Ô tô; Kỹ thuật ô tô (Chuyên ngành Kỹ thuật ô tô, Cơ điện tử ô tô); Kỹ thuật ô tô (chuyên ngành Cơ khí ô tô; Cơ điện tử ô tô) – chương trình tiên tiến; Kỹ thuật ô tô - Chương trình tiên tiến; Kỹ thuật Ô tô (CT tiên tiến); Kỹ thuật phần mềm ô tô'; Kĩ thuật Ô tô",7520130;142;242;D122;TE1;TLA123;VEE1;7520130A;TE-E2;VEE3;342;GHA20;GHA20QT;GSA11;GSA11QT;UTHKOT01A;7520130TN
15,Ô tô - Cơ khí - Chế tạo,208,Công nghệ kỹ thuật cơ khí,"Công nghệ kỹ thuật cơ khí; Công nghệ kỹ thuật cơ khí (chuyên ngành Cơ khí chế tạo); Công nghệ kỹ thuật cơ khí; Công nghệ kỹ thuật khuôn mẫu (chuyên ngành); Công nghệ kỹ thuật cơ khí (chuyên ngành Cơ khí chế tạo); Công nghệ kỹ thuật cơ khí (Cơ điện tử); Công nghệ kỹ thuật cơ khí (Tiếng Anh); Công nghệ kỹ thuật cơ khí – chương trình tiên tiến; Công nghệ kỹ thuật cơ khí - Chương trình tiên tiến; Công nghệ kỹ thuật cơ khí (đào tạo bằng tiếng Anh); Công nghệ kỹ thuật cơ khí (CTNC); Công nghệ kỹ thuật cơ khi (Tiếng Việt); Công nghệ kỹ thuật cơ khí (đào tạo bằng tiếng Việt); Kế toán doanh nghiệp, Cơ khí chế tạo máy",7510201;7510201C;7510201DKD;7510201DKK;7510201NB;7510201_CLC;7510201_NB;GTADCCK2;7510201A;7510201V;7510201V;7510201TA;7520103_A;7510201C1;7510201_1;7510201;7510201BP;7510201TDA;QUANSU_B;QUANSU_N;7510201DS;A1CN;7510201HQ;7510201TC;UTHCCK01A
15,Ô tô - Cơ khí - Chế tạo,209,Công nghệ chế tạo máy,Công nghệ chế tạo máy; Công nghệ chế tạo máy; Công nghệ chế tạo máy (Tiếng Anh); Công nghệ chế tạo máy (đào tạo bằng tiếng Anh); Công nghệ chế tạo máy (Việt - Nhật); Công nghệ chế tạo máy (chương trình Việt - Nhật); Công nghệ chế tạo máy (Tiếng Việt); Công nghệ chế tạo máy (đào tạo bằng tiếng Việt),7510202;7510202C;7510202_NB;7510202N;7510202A;7510202V;DS09;TLA122;GTADCCM2;GTADCCMJ2;7510202_01
15,Ô tô - Cơ khí - Chế tạo,210,Công nghệ kỹ thuật,Công nghệ kỹ thuật ô tô; Công nghệ kỹ thuật; Công nghệ kỹ thuật ô tô gồm 02 chuyên ngành: Công nghệ kỹ thuật ô tô; Công nghệ kỹ thuật ô tô điện; Kỹ thuật ô tô (CN); Kỹ thuật ô tô điện (CN); Công nghệ kỹ thuật khuôn mẫu,7519003
15,Ô tô - Cơ khí - Chế tạo,212,Kỹ thuật cơ điện tử,Kỹ thuật Cơ Điện tử; Kĩ thuật Cơ điện tử; Kỹ thuật cơ – điện tử; Kỹ thuật Cơ - Điện tử; Kỹ thuật cơ điện tử (Cơ điện tử thông minh và sản xuất theo phuơng thức Nhật Bản); Cơ điện tử thông minh và sản xuất theo phương thức Nhật Bản; Cơ điện tử; Kỹ thuật Cơ điện tử (CT tiên tiến); Cơ điện tử - hợp tác với ĐH Leibniz Hannover (CHLB Đức); Cơ điện tử - hợp tác với ĐHCN Nagaoka (Nhật Bản); Cơ điện tử ô tô,7520114;110;210;7520114;D117;ME1;MEM1;TLA120;ME-E1;7520119;ME-LUH;ME-NUT;VEE2;DS08;310;7510202_1;VJU3;XDA35;7520114TN
15,Ô tô - Cơ khí - Chế tạo,213,Kỹ thuật cơ khí,"Kỹ thuật Cơ khí; Thiết kế cơ khí và kiểu dáng công nghiệp; Kỹ thuật cơ khí/ Máy xây dựng; Kỹ thuật cơ khí/ Kỹ thuật cơ điện; Kỹ thuật cơ khí/ Kỹ thuật ô tô; Kỹ thuật cơ khí (Cơ khí chế tạo máy); Kỹ thuật cơ khí (02 chuyên ngành: Kỹ thuật cơ khí; Thiết kế và chế tạo số); Kỹ thuật cơ khí (MEN); Kỹ thuật cơ khí (Chương trình chất lượng cao Cơ khí ô tô Việt - Anh); Kỹ thuật Cơ khí, chuyên ngành Cơ khí động lực; Kỹ thuật cơ khí (chuyên ngành Quản lý và khai thác Máy xếp dỡ – Xây dựng; Cơ khí tự động) – chương trình tiên tiến; Kỹ thuật Cơ khí, chuyên ngành Cơ khí động lực; Kỹ thuật cơ khí- Chương trình tiên tiến; Kỹ thuật Cơ khí, chuyên ngành Cơ khí hàng không; Kỹ thuật cơ khí - Chương trình tiên tiến; Cơ khí Chế tạo máy – hợp tác với trường ĐH Griffith (Úc); Cơ khí hàng không (Chương trình Việt - Pháp PFIEV); Nhóm ngành Kỹ thuật cơ khí (Gồm các ngành: Kỹ thuật cơ khí, Công nghệ chế tạo máy); Kĩ thuật cơ khí",7520103;109;209;D116;HVN05;ME2;MEM2;7905218;7520103QT;7520103A;7520103B;TLA105;7520101_03;7520103_03;7520101_04;7520103_04;7520101_01;7520103_01;ME-GU;TE-EP;7510213;309;752010304A;752010308A;752010309A;7520103MP;GHA16;GHA16QT;A1CK;XDA31;XDA32;XDA33;XDA34;UTHKCK01A;UTHKCK02A;UTHKCK03A;7520103C;7520103E
15,Ô tô - Cơ khí - Chế tạo,214,Kỹ thuật cơ khí động lực,Kỹ thuật cơ khí động lực; Kĩ thuật cơ khí động lực,7520116;7520116_CLC;7520116_NB;TE2;7520116ĐS;GHA19;GHA19DS;GSA10;A1CO;7520116A;7520116B
15,Ô tô - Cơ khí - Chế tạo,215,Kỹ thuật hệ thống công nghiệp,Kỹ thuật hệ thống công nghiệp; Kỹ thuật hệ thống công nghiệp (Chương trình liên kết với ĐH Suny Binghamton) (2+2); Kỹ thuật hệ thống công nghiệp và Logistics,7520118;7520118-SB;7520118_SB;QHQ12;IU05
15,Ô tô - Cơ khí - Chế tạo,216,Vật lý Kỹ thuật,Vật lý Kỹ thuật; Cơ kỹ thuật; Kỹ thuật Hạt nhân; Vật lý Kĩ thuật; Vật lí Kỹ thuật; Vật lí Kĩ thuật,137;CN3;CN4;PH1;PH2;7520401V
15,Ô tô - Cơ khí - Chế tạo,217,Cơ Kỹ thuật,Cơ Kỹ thuật,7520101;138;268;CN4
15,Ô tô - Cơ khí - Chế tạo,218,Kỹ thuật công nghiệp,Kỹ thuật công nghiệp; Bảo dưỡng Công nghiệp; Thiết kế cơ khí và kiểu dáng công nghiệp; Kỹ thuật công nghiệp (Tiếng Việt); Kỹ thuật công nghiệp (đào tạo bằng tiếng Việt); Máy & tự động hóa xếp dỡ; Máy & tự động công nghiệp; Quản lý kỹ thuật công nghiệp,D131;D128;D128;141;D109;7510213;7520117V;7520117
15,Ô tô - Cơ khí - Chế tạo,220,Công nghệ kỹ thuật cơ điện tử,Công nghệ kỹ thuật cơ điện tử; Công nghệ kỹ thuật cơ - điện tử; Công nghệ kỹ thuật - cơ điện tử; Công nghệ kỹ thuật cơ điện tử (Tiếng Anh); Công nghệ kỹ thuật cơ điện tử (đào tạo bằng tiếng Anh); Công nghệ kỹ thuật cơ điện tử (Tiếng Việt); Công nghệ kỹ thuật cơ điện tử (đào tạo bằng tiếng Việt); Công nghệ kỹ thuật cơ – điện tử,7510203;7510203C;7510203DKD;7510203DKK;7510203_CLC;7510203A;7510203V;CN6;GTADCCN2;7510204;GTADCCO2;7520103_C;7510201_A;7510203_01;7510203HQ;7510203TC
15,Ô tô - Cơ khí - Chế tạo,138,Thiết kế Công nghiệp,Thiết kế Công nghiệp; Thiết kế công nghiệp và đồ họa; Thiết kế cơ khí và kiểu dáng công nghiệp,7210402;CN18;75102013
16,Điện lạnh - Điện tử - Điện - Tự động hóa,876,Năng lượng tái tạo,,75190071;257;7510208TC
16,Điện lạnh - Điện tử - Điện - Tự động hóa,897,Công nghệ sản xuất tự động,Công nghệ sản xuất tự động,7510201
16,Điện lạnh - Điện tử - Điện - Tự động hóa,539,Quản lý công nghiệp,Quản lý công nghiệp; Quản lí công nghiệp,7510601;EM2;323;7510601A;7510601BP;7510601V;NTH.KD.H08_2;123;NT.KD.H08_1;NT.KD.H08_2;223;EM2_A00;EM2_D01;NTHKD08_DHNN;7510601B
16,Điện lạnh - Điện tử - Điện - Tự động hóa,219,Điện,Điện - Điện tử - Viễn thông - Tự động hóa -Thiết kế Vi mạch; Điện - Điện tử - Viễn thông - Tự động hóa -Thiết kế Vi mạch (Nhóm ngành); Điện lạnh và điều hòa không khí; Điện tự động giao thông vận tải; Điện tự động công nghiệp; Hệ thống điện và năng lượng tái tạo (CT tiên tiến); Điện tự động công nghiệp (CLC); Điện công nghiệp và dân dụng,108;7510210;D105;H105;D103;108;7510210;EE-E18;7510206_1;7510301_02;7510303_02
16,Điện lạnh - Điện tử - Điện - Tự động hóa,220,Công nghệ kỹ thuật cơ điện tử,Công nghệ kỹ thuật cơ điện tử; Công nghệ kỹ thuật cơ - điện tử; Công nghệ kỹ thuật - cơ điện tử; Công nghệ kỹ thuật cơ điện tử (Tiếng Anh); Công nghệ kỹ thuật cơ điện tử (đào tạo bằng tiếng Anh); Công nghệ kỹ thuật cơ điện tử (Tiếng Việt); Công nghệ kỹ thuật cơ điện tử (đào tạo bằng tiếng Việt); Công nghệ kỹ thuật cơ – điện tử,7510203;7510203C;7510203DKD;7510203DKK;7510203_CLC;7510203A;7510203V;CN6;GTADCCN2;7510204;GTADCCO2;7520103_C;7510201_A;7510203_01;7510203HQ;7510203TC
16,Điện lạnh - Điện tử - Điện - Tự động hóa,221,"Công nghệ kỹ thuật điện, điện tử","Công nghệ kỹ thuật điện, điện tử; Công nghệ kỹ thuật điện; điện tử; Công nghệ kỹ thuật điện - điện tử; Công nghệ Kỹ thuật điện, điện tử *; Công nghệ kĩ thuật điện, điện tử; Công nghệ kỹ thuật điện, điện tử gồm 02 chuyên ngành: Công nghệ kỹ thuật điện, điện tử; Năng lượng tái tạo; Công nghệ kỹ thuật điện – điện tử; Thiết kế vi mạch bán dẫn (CN); Công nghệ kỹ thuật Điện - Điện điện tử; Kỹ thuật điện, điện tử; Công nghệ kỹ thuật điện (chuyên ngành); Hệ thống điện (chuyên ngành); Công nghệ điện lạnh và điều hoà không khí (chuyên ngành); Công nghệ kỹ thuật Điện;Điện tử; Công nghệ kỹ thuật điện; điện tử gồm 02 chuyên ngành: Công nghệ kỹ thuật điện; điện tử; Năng lượng tái tạo; Công nghệ kỹ thuật điện, điện tử (Hệ thống điện, Điện công nghiệp); Công nghệ kỹ thuật điện, điện tử (chuyên ngành Công nghệ kỹ thuật điện tử); Công nghệ kỹ thuật điện, điện tử (Tiếng Anh); Công nghệ kỹ thuật điện; điện tử (đào tạo bằng tiếng Anh); Công nghệ kỹ thuật điện, điện tử (chuyên ngành Công nghệ kỹ thuật điện); Điều khiển và tự động hóa (ngành Công nghệ kỹ thuật điện, điện tử); Công nghệ kỹ thuật điện, điện tử (Tiếng Việt); Công nghệ kỹ thuật điện; điện tử (đào tạo bằng tiếng Việt); Công nghệ kỹ thuật điện tử y sinh; Công nghệ cơ điện công trình; Chương trình đào tạo kỹ sư chất lượng cao Việt - Pháp (PFIEV); Công nghệ kỹ thuật điện, điện tử (Chương trình đào tạo Công nghệ thiết kế vi mạch)",7510301;7510301DL;7510301DKD;7510301DKK;7510301NB;7510301_CLC;7510301_NB;7510301B;7510301A;7510301V;7510301V;7510301C;7510301C2;PFIEV;7580210_2;75103021;7510301TA;7510301_CNTKVM;1383;DTV-7510301-01;7510301C1;7510301_1;7510301_2;7510301_3;7510301BP;A1DC;752020101;7510301HQ;7510301TC;VJU8
16,Điện lạnh - Điện tử - Điện - Tự động hóa,222,Công nghệ kỹ thuật điều khiển và tự động hóa,Công nghệ kỹ thuật điều khiển và tự động hóa; Công nghệ kỹ thuật điều khiển và tự động hóa (chuyên ngành công nghệ bán dẫn); Tự động hóa gồm 02 chuyên ngành: Công nghệ kỹ thuật điều khiển và tự động hóa; Robot và hệ thống điều khiển thông minh; CNKT điều khiển & tự động hoá; Công nghệ kỹ thuật điều khiển và TĐH; Tự động hóa; Công nghệ kỹ thuật điều khiển và tự động hóa (Tiếng Anh); Công nghệ kỹ thuật điều khiển và tự động hóa – chương trình tiên tiến; Công nghệ kỹ thuật điều khiển và tự động hóa - Chương trình tiên tiến; Công nghệ kỹ thuật điều khiển và tự động hóa (đào tạo bằng tiếng Anh); CNKT điều khiển và tự động hoá; Công nghệ kỹ thuật điều khiển và tự động hóa (đào tạo 2 năm đầu tại Kon Tum); Công nghệ kỹ thuật điều khiển và tự động hóa (chuyên ngành công nghệ bán dẫn) (Liên kết với Đài Loan); Công nghệ kỹ thuật điều khiển và tự động hóa (Tiếng Việt); Công nghệ kỹ thuật điều khiển và tự động hóa (đào tạo bằng tiếng Việt); Công nghệ kỹ thuật điều khiển và tự động hóa (CN: Thiết bị bay không người lái và Robotics); Công nghệ kỹ thuật điều khiển và tự động hóa (CN: Điện tự động cảng hàng không),7510303;7510303DKD;7510303DKK;7510303_CLC;7510303_NB;7510303DL;7510303LKĐTNN;7510303KT;7510303A;7510303A;7510303V;7510303U;7520216;7510303LKDTNN;7510303BP;A1GK;A1GT;751030301;751030302;7510303HQ;7510303NB;7510303TC;XDA37;UTHCDK01A;UTHKDK01A;UTHKDK02A;UTHKDK03A;UTHKDK04A;7520216-DN;7520216TN
16,Điện lạnh - Điện tử - Điện - Tự động hóa,223,Kỹ thuật điện,"Kỹ thuật điện (ngành Công nghệ kỹ thuật điện, điện tử); Kỹ thuật điện; Kỹ thuật Điện; Kĩ thuật điện; Kỹ thuật điện (chuyên ngành Kỹ thuật điện, điện tử); Kỹ thuật điện (chuyên ngành Điện công nghiệp; Hệ thống điện giao thông; Năng lượng tái tạo); Kỹ thuật điện và Năng lượng tái tạo; Kỳ thuật điện (chuyên ngành Kỹ thuật điện; điện tử); Kỹ thuật điện (CTCLC); Kỹ thuật điện - Chương trình tiên tiến; Kỹ thuật điện - Chất lượng cao",7520201;EE1;TLA112;F7520201;7905228;7520201C;7510301C1;7520201ĐS;108;GHA21;GHA21DS;GSA12;A1DH;A1DT;EE1_A00;XDA36;UTHKTD01A;7520201TN
16,Điện lạnh - Điện tử - Điện - Tự động hóa,224,Kỹ thuật cơ điện tử,Kỹ thuật Cơ Điện tử; Kỹ thuật Cơ điện tử; Kỹ thuật cơ – điện tử; Kỹ thuật Cơ - Điện tử; Kỳ thuật cơ điện tử (Cơ điện tử thông minh và sản xuất theo phuơng thức Nhật Bản); Cơ điện tử thông minh và sản xuất theo phương thức Nhật Bản; Cơ điện tử; Công nghệ kỹ thuật ô tô và Cơ điện tử; Kỹ thuật Cơ điện tử (CT tiên tiến); Cơ điện tử - hợp tác với ĐH Leibniz Hannover (CHLB Đức); Cơ điện tử - hợp tác với ĐHCN Nagaoka (Nhật Bản); Cơ điện tử ô tô,7520114;110;210;7520114;D117;ME1;MEM1;TLA120;ME-E1;7520119;ME-LUH;ME-NUT;HVN04;7520130_A;MEM1-IMS;GHA17;GSA09;A1IC
16,Điện lạnh - Điện tử - Điện - Tự động hóa,225,Kỹ thuật Điều khiển - Tự động hoá,Kỹ thuật điều khiển và tự động hóa; Kỹ thuật điều khiển - tự động hóa; Kỹ thuật Điện và Tự động hóa; Kỹ thuật điều khiển và tự động hóa – chương trình tiên tiến; Kỹ thuật điều khiển và tự động hóa - Chương trình tiên tiến; Kỹ thuật điều khiển và tự động hóa (CTCLC); Kỹ thuật điều khiển và tự dộng hóa (CTCLC); Kỹ thuật điều khiển và tự động hóa - Chương trình dự bị đại học bằng tiếng Anh; Kỹ thuật Điều khiển - Tự động hoá (CT tiên tiến); Kỹ thuật điều khiển - Tự động hóa; Kỹ thuật điều khiển & Tự động hóa; Kỹ thuật điều khiển và tự động hóa - Chất lượng cao; Kỹ thuật điều khiển và tự động hóa - Chương trình đại học bằng tiếng Anh; Kĩ thuật điều khiển và tự động hóa; Kĩ thuật điều khiển - tự động hóa; Tin học công nghiệp và Tự động hóa (Chương trình Việt - Pháp PFIEV),EE-E8;EE2;7520216;CN11;TLA121;EEE1;F7520216;FA7520216;D7520216;7520216A;7520216C;EE-EP;IU05;7520216ĐS;7520216-GTTM;752021603A;7520216_UAV;108;GHA23;GHA23DS;GSA14;GSA14DS;EE-E8_A00;EE2_A00;VJU9;7520216UR
16,Điện lạnh - Điện tử - Điện - Tự động hóa,226,Kỹ thuật Nhiệt,Kỹ thuật Nhiệt; Kĩ thuật nhiệt; Kỹ thuật nhiệt lạnh,7520115;140;HE1;D123;GHA18;7520115A
16,Điện lạnh - Điện tử - Điện - Tự động hóa,227,Công nghệ kỹ thuật nhiệt,Công nghệ kỹ thuật nhiệt; Công nghệ kỹ thuật nhiệt (chuyên ngành Nhiệt - Điện lạnh); Nhóm ngành Công nghệ kỹ thuật nhiệt gồm 02 chuyên ngành: Công nghệ kỹ thuật nhiệt; Công nghệ kỹ thuật năng lượng; Công nghệ kỹ thuật nhiệt (Điện lạnh); Công nghệ kỹ thuật nhiệt (CN: Nhiệt - điện lạnh); Công nghệ kỹ thuật nhiệt (chuyên ngành Nhiệt - Điện lạnh); Công nghệ kỹ thuật nhiệt gồm 02 chuyên ngành: Công nghệ kỹ thuật nhiệt; Công nghệ kỹ thuật năng lượng; Kỹ thuật quy trình và môi trường (Kỹ thuật quy trình sản xuất bền vững) (EPE); Công nghệ kỹ thuật nhiệt (Tiếng Anh); Công nghệ kỹ thuật nhiệt (đào tạo bằng tiếng Anh); Công nghệ kỹ thuật nhiệt (Việt - Nhật); Công nghệ kỹ thuật nhiệt (chương trình Việt - Nhật); Công nghệ kỹ thuật nhiệt (Tiêng Việt); Công nghệ kỹ thuật nhiệt (đào tạo bằng tiếng Việt),7510206;7510206N;7510206A;7510206V;7510206C;7510206TC
16,Điện lạnh - Điện tử - Điện - Tự động hóa,228,Kỹ thuật Robot,Kỹ thuật Robot; Kỹ thuật Robot và Điều khiển thông minh,7520107;211;CN17;TLA128;GHA24;7520107TC
16,Điện lạnh - Điện tử - Điện - Tự động hóa,229,Kỹ thuật robot và trí tuệ nhân tạo,Kỹ thuật sản xuất thông minh; Kỹ thuật robot và trí tuệ nhân tạo; Kỹ thuật robot và Trí tuệ nhân tạo (Một số học phần Chuyên ngành học bằng tiếng Anh),7520218;EEE-AI;75103031
16,Điện lạnh - Điện tử - Điện - Tự động hóa,230,Công nghệ kỹ thuật năng lượng,Công nghệ kỹ thuật năng lượng; Công nghệ kỹ thuật năng lượng tái tạo; Công nghệ kỹ thuật năng lượng tái tạo (PHNT),7510403;7519007;7519007N
16,Điện lạnh - Điện tử - Điện - Tự động hóa,231,Tự động hóa,Điện - Điện tử - Viễn thông - Tự động hóa -Thiết kế Vi mạch; Điện - Điện tử - Viễn thông - Tự động hóa -Thiết kế Vi mạch (Nhóm ngành); Điều khiến thông minh và tự động hóa (hệ kỹ sư); Điều khiển thông minh và tự động hóa; Tự động hóa gồm 02 chuyên ngành: Công nghệ kỹ thuật điều khiển và tự động hóa; Robot và hệ thống điều khiển thông minh; Máy & tự động hóa xếp dỡ; Tự động hóa hệ thống điện; Tin học công nghiệp và Tự động hóa (Chương trình Việt - Pháp PFIEV); Tự động hóa và Tin học; Tự động hóa và Tin học (Kỹ sư); Kỹ thuật sản xuất thông minh; Tự động hóa,7510303C;D121;QHQ08;108;EE-EP;D109;7480107_02;75103031;DS07;1382;EE-EP_A00
16,Điện lạnh - Điện tử - Điện - Tự động hóa,232,Điện tự động,Điện tự động giao thông vận tải; Điện tự động công nghiệp; Điện tự động công nghiệp (CLC),D105;H105;D103
16,Điện lạnh - Điện tử - Điện - Tự động hóa,233,"Kỹ thuật cơ khí, cơ điện",Kỹ thuật cơ khí/ Kỹ thuật cơ điện,7520101_03;7520103_03
16,Điện lạnh - Điện tử - Điện - Tự động hóa,234,Kỹ thuật Điện - Điện tử,"Điện - Điện tử - Viễn thông - Tự động hóa -Thiết kế Vi mạch; Điện - Điện tử - Viễn thông - Tự động hóa -Thiết kế Vi mạch (Nhóm ngành); Kỹ thuật Điện - Điện tử; Kỹ thuật điện – điện tử (song bằng 2.5+1.5) - Chương trình dự bị liên kết Đại học khoa học ứng dụng Saxion (Hà Lan); Kỹ thuật điện, Điện tử và Tự động hoá; Kỹ thuật điện – điện tử (song bằng 2.5+1.5) - Chương trình liên kết Đại học khoa học ứng dụng Saxion (Hà Lan); Kỹ thuật Vi điện tử và Công nghệ nano; Kỹ thuật điện tử và tin học; Kỹ thuật điện, điện tử",7520215;208;DK7520201;K7520201;HVN06;QHT94;MS2;308;108_QT
16,Điện lạnh - Điện tử - Điện - Tự động hóa,235,Quản lý năng lượng,Năng lượng tái tạo; Năng lượng tái tạo (Tiếng Việt); Năng lượng tái tạo (đào tạo bằng tiếng Việt); Quản lý năng lượng; Năng lượng tái tạo; Kỹ thuật năng lượng; Hệ thống điện và năng lượng tái tạo (CT tiên tiến),7510602;EM1;7510208V;CN13;EE-E18;EE-E18_A00;EM1_A00;EM1_D01
16,Điện lạnh - Điện tử - Điện - Tự động hóa,236,Vi mạch bán dẫn,Vi mạch bán dẫn; Công nghệ Vi mạch bán dẫn,7510302_V;7510301_MBD;7520207T;7520401
17,Hàng hải - Thủy lợi - Thời tiết,906,CNKT cơ khí tàu thủy và công trình nổi,CNKT cơ khí tàu thủy và công trình nổi,GTADCMT2
17,Hàng hải - Thủy lợi - Thời tiết,190,Hải quan và Logistics,Hải quan và Logistics (theo định hướng FIATA); Hải quan và Logistics,GTADCH2;GTADCHL2;7340201C06;7340201QT01.06;HC01.06QT;HS01.06QT
17,Hàng hải - Thủy lợi - Thời tiết,237,Khoa học hàng hải,"Khoa học hàng hải (02 chuyên ngành: Khoa học hàng hải; Quản lý hàng hải và Logistics); Khoa học hàng hải (chuyên ngành Kỹ thuật điện, điện tử và điều khiển; Cơ điện tử); Khoa học hàng hải (chuyên ngành Kỹ thuật điện; điện tử và điều khiển; Cơ điện tử); Khoa học hàng hải (chuyên ngành Quản lý hàng hải) – chương trình tiên tiến; Khoa học hàng hải (chuyên ngành Quản lý hàng hải) - Chương trình tiên tiến; Khoa học hàng hải (chuyên ngành Điều khiển và quản lý tàu biển); Khoa học hàng hải (chuyên ngành Khai thác máy tàu thủy và quản lý kỹ thuật); Khoa học hàng hải (chuyên ngành Quản lý cảng và logistics) – chương trình tiên tiến; Khoa học hàng hải (chuyên ngành Quản lý cảng và logistics) - Chương trình tiên tiến",7840106;784010606;784010607;784010609A;784010604A;784010613A;UTHKHH01A;UTHKHH01V;UTHKHH02A;UTHKHH03D;UTHKHH04D;UTHKHH05A
17,Hàng hải - Thủy lợi - Thời tiết,238,Kỹ thuật xây dựng công trình thủy,Kỹ thuật xây dựng/ Kỹ thuật Công trình thủy; Kỹ thuật xây dựng/Kỹ thuật công trình thủy; Kỹ thuật xây dựng/ Kỹ thuật công trình biển; Kỹ thuật xây dựng công trình thủy; Kỹ thuật xây dựng công trình thủy (chuyên ngành Xây dựng và quản lý cảng – công trình giao thông thủy),7580202;TLA101;7580201_05;7580201_04;GHA31;UTHKXT01D
17,Hàng hải - Thủy lợi - Thời tiết,239,Biến đổi khí hậu và Phát triển bền vững,Biến đổi khí hậu và Phát triển bền vững,7440298;7440221
17,Hàng hải - Thủy lợi - Thời tiết,240,Khí tượng và Khí hậu học,Khí tượng và Khí hậu học,7440222;QHT16
17,Hàng hải - Thủy lợi - Thời tiết,241,"Kinh tế, kỹ thuật, quản lý Hàng Hải",Kinh tế Hàng hải; Kỹ thuật an toàn hàng hải; Quản lý hàng hải,A408;D111;D129
17,Hàng hải - Thủy lợi - Thời tiết,242,Điều khiển tàu biển,Điều khiển tàu biển; Điều khiển tàu biển (Chọn),D101;S101
17,Hàng hải - Thủy lợi - Thời tiết,243,Đóng tàu & công trình ngoài khơi,Đóng tàu & công trình ngoài khơi,D108
17,Hàng hải - Thủy lợi - Thời tiết,244,Hải dương học,Hải dương học,7440228;QHT17;7440228_DKD
17,Hàng hải - Thủy lợi - Thời tiết,245,Khai thác máy tàu biển,Khai thác máy tàu biển; Khai thác máy tàu biển (Chọn),D102;S102
17,Hàng hải - Thủy lợi - Thời tiết,246,Kỹ thuật biển,Kỹ thuật biển,7520206
17,Hàng hải - Thủy lợi - Thời tiết,247,Kỹ thuật Tài nguyên nước,Kỹ thuật Tài nguyên nước; Kỹ thuật tài nguyên nước (Chương trình tiên tiến học bằng tiếng Anh); Kỹ thuật thủy lợi thông minh (Kỹ thuật tài nguyên nước),7580212;TLA102;TLA202;TLS102
17,Hàng hải - Thủy lợi - Thời tiết,248,Kỹ thuật Tàu thủy,"(Song ngành) Tàu thủy - Hàng không; Kỹ thuật Tàu thủy; Kỹ thuật tàu thủy (chuyên ngành Kỹ thuật tàu thủy, công trình nổi và quản lý hệ thống công nghiệp); Máy tàu thủy",7520122;145;D106;UTHKTT01D
17,Hàng hải - Thủy lợi - Thời tiết,249,Thiết kế tàu & công trình ngoài khơi,Thiết kế tàu & công trình ngoài khơi,D107
17,Hàng hải - Thủy lợi - Thời tiết,250,Thủy văn học,Thủy văn học; Tài nguyên nước và môi trường (Thủy văn học),7440224;TLA103
17,Hàng hải - Thủy lợi - Thời tiết,251,Xây dựng công trình thủy,Xây dựng công trình thủy; Xây dựng và quản lí công trình thủy (Kỹ thuật xây dựng công trình thủy),D110;TLS101
18,Hàng không - Vũ trụ - Hạt nhân,252,"Kỹ thuật, công nghệ Hàng không","(Song ngành) Tàu thủy - Hàng không; Kỹ thuật Hàng không; Ngành Kỹ thuật hàng không; Kỹ thuật hàng không - Chương trình học Tiếng Anh; Công nghệ Hàng không vũ trụ; Cơ khí hàng không (Chương trình Việt - Pháp PFIEV); Kỹ thuật hàng không (CN: Kỹ thuật bảo dưỡng tàu bay); Kỹ thuật hàng không (CN: Kỹ thuật thiết bị bay không người lái); Kỹ thuật, công nghệ Hàng không; Kĩ thuật hàng không",7520120;245;6510304;TE3;7520120E;145;CN7;TE-EP;7520120M;7520120U;7520120_B;7520120_N;345;7520207_THV;7520207HK
18,Hàng không - Vũ trụ - Hạt nhân,253,Kỹ thuật hạt nhân,Kỹ thuật hạt nhân; Công nghệ kỹ thuật hạt nhân,7520402;PH2;QHT05;156;256
18,Hàng không - Vũ trụ - Hạt nhân,254,Quản lý hoạt động bay,Quản lý hoạt động bay; Quản lý hoạt động bay - Chương trình học Tiếng Anh (CN: Quản lý và khai thác bay); Quản lý hoạt động bay - Chương trình học Tiếng Anh; Quản lý hoạt động bay (CN: Quản lý và khai thác bay - Chương trình học bằng tiếng Anh); Quản lý hoạt động bay (CN: Hệ thống kỹ thuật quản lý bay),7840102;7840102E;7840102P;7840102T
18,Hàng không - Vũ trụ - Hạt nhân,255,Phi công quân sự,Ngành Sĩ quan CHTM Không quân (Phi công quân sự); Chỉ huy tham mưu không quân (Phi công quân sự); Chỉ huy tham mưu không quân (Sĩ quan Dù - Tìm kiếm cứu nạn ĐK),7860203
18,Hàng không - Vũ trụ - Hạt nhân,256,Khoa học thông tin địa không gian,Khoa học thông tin địa không gian,QHT91
18,Hàng không - Vũ trụ - Hạt nhân,257,Quản trị kinh doanh hàng không,Quản trị kinh doanh hàng không - Chương trình học bằng tiếng Anh,7340101E
19,Công nghệ vật liệu,258,Kỹ thuật Vật liệu,Kỹ thuật Vật liệu; Kỹ thuật Vật liệu Công nghệ cao; Kĩ thuật Vật liệu; Khoa học và kỹ thuật vật liệu (CT tiên tiến),129;7520309;MS1;229;MS-E3;XDA38
19,Công nghệ vật liệu,259,Công nghệ vật liệu,Công nghệ vật liệu (chuyên ngành Hóa học Vật liệu mới); Công nghệ Vật liệu; Công nghệ vật liệu (chuyên ngành Hóa học Vật liệu mới); Công nghệ Vật liệu – Chuyên ngành Công nghệ Nano; Công nghệ vật liệu (Tiếng Việt); Công nghệ vật liệu (đào tạo bằng tiếng Việt); Công nghệ vật liệu Polyme và Compozit,7510402;7510402V;MS3;CN19;7510402A;7510402_DKD
19,Công nghệ vật liệu,260,Khoa học Vật liệu,Khoa học Vật liệu; Khoa học Vật liệu tiên tiến và Công nghệ Nano; Khoa học vật liệu (Vật liệu tiên tiến và Công nghệ nano); Khoa học Vật liệu (Chương trình tăng cường tiếng Anh); Khoa học và Kỹ thuật Vật liệu (CT tiên tiến); Kỹ thuật Vi điện tử và Công nghệ nano,7440122;QHT04;7440122_DKD;MS-E3;MS2
19,Công nghệ vật liệu,261,Công nghệ kỹ thuật Vật liệu xây dựng,Công nghệ kỹ thuật Vật liệu xây dựng; Công nghệ kỹ thuật vật liệu xây dựng,7510105;XDA22
19,Công nghệ vật liệu,262,Khoa học Vũ trụ và Công nghệ Vệ tinh,Kỹ thuật không gian (Phân tích và ứng dụng dữ liệu lớn); Khoa học Vũ trụ và Công nghệ Vệ tinh,7520121
19,Công nghệ vật liệu,263,Khoa học Y Sinh,Khoa học Y Sinh,7420204;BMS
19,Công nghệ vật liệu,264,Vật liệu thông minh và trí tuệ nhân tạo,Vật liệu thông minh và trí tuệ nhân tạo,MSE-AI
19,Công nghệ vật liệu,265,Vật liệu tiên tiến và công nghệ nano,Vật liệu tiên tiến và công nghệ nano,MSE1
20,Công nghệ chế biến thực phẩm,266,Công nghệ Thực phẩm,Công nghệ Thực phẩm; Công nghệ thực phẩm (03 chuyên ngành: Công nghệ thực phẩm; Đảm bảo chất lượng và an toàn thực phẩm; Khoa học dinh dưỡng và ẩm thực); Công nghệ thực phẩm; Khoa học và Công nghệ thực phẩm; Công nghệ thực phẩm (Tiếng Anh); Công nghệ thực phẩm (đào tạo bằng tiếng Anh); Công nghệ thực phẩm (CTCLC); Công nghệ thực phẩm (CTNC); Công nghệ thực phẩm (CTTT); Công nghệ thực phẩm (Tiếng Việt); Công nghệ thực phẩm (đào tạo bằng tiếng Việt); Công nghệ hóa thực phấm; Công nghệ thực phẩm và sức khỏe; Công nghệ thực phẩm & sức khỏe; Công nghệ thực phẩm (Chương trình tiên tiến); Công nghệ thực phẩm và Chế biến,7540101;219;7540101C;7540101DKD;7540101DKK;7540101DL;7540101_CLC;7540101_NB;7905419;7540101T;7540101A;7540101V;HVN10;7540118QTD;7540103;319;7540118QTD;7905419-CTTT;7720402;7540101HQ;7540101NB;7540101TC;VJU4
20,Công nghệ chế biến thực phẩm,267,Đảm bảo chất lượng và an toàn thực phẩm,Đảm bảo chất lượng và an toàn thực phẩm; Đảm bảo chất lượng & ATTP; Đảm bảo chất lượng và an toàn thực phẩm,7540106;7540110;7540106DKD;7540106DKK
20,Công nghệ chế biến thực phẩm,268,Kỹ thuật thực phẩm,Kỹ thuật thực phẩm; Kỹ thuật thực phẩm (chuyên ngành Kỹ thuật sinh học thực phẩm); Kỹ thuật thực phẩm (chuyên ngành  Kỹ thuật sinh học thực phẩm); Kỹ thuật Thực phẩm (CT tiên tiến); Khoa học và công nghệ thực phẩm; Kĩ thuật thực phẩm,7540102;BF2;7540102A;BF-E12;QHT96;BF-E12_A00;BF2_A00
20,Công nghệ chế biến thực phẩm,269,Quản trị kinh doanh thực phẩm,Quản trị kinh doanh thực phẩm,7340101_KDTP;7340129
20,Công nghệ chế biến thực phẩm,270,Khoa học chế biến món ăn,Khoa học chế biến món ăn,7819010
21,Công nghệ In - Giấy,271,Công nghệ kỹ thuật in,Công nghệ kỹ thuật in (Tiếng Việt); Công nghệ kỹ thuật in (đào tạo bằng tiếng Việt),7510801V;7510801
21,Công nghệ In - Giấy,272,Kỹ thuật in,Kỹ thuật in; Kĩ thuật in,7520137;MS5
22,Công nghệ sinh - Hóa,941,Hóa học mỹ phẩm,,CH-E20;BIO2;CH-E20_A00
22,Công nghệ sinh - Hóa,273,Công nghệ hóa học,Công nghệ kỹ thuật hóa học; Công nghệ kỹ thuật Hoá học (Công nghệ Hóa phân tích); Công nghệ hóa học gồm 03 chuyên ngành: Công nghệ kỹ thuật hóa học; Kỹ thuật hóa phân tích; Hóa dược.; Công nghệ kỹ thuật hóa học (CTCLC); Công nghệ kỹ thuật hoá học (CTNC),7510401;7510401C
22,Công nghệ sinh - Hóa,274,Công nghệ kỹ thuật hoá học,Công nghệ kỹ thuật hóa học (CTCLC); Công nghệ kỹ thuật Hoá học (Chương trình tăng cường tiếng Anh); Công nghệ kỹ thuật hoá học (CTNC); Công nghệ hóa học gồm 03 chuyên ngành: Công nghệ kỹ thuật hóa học; Kỹ thuật hóa phân tích; Hóa dược.; Công nghệ kỹ thuật hóa học (Tiếng Việt); Công nghệ kỹ thuật hóa học (đào tạo bằng tiếng Việt); Kỹ thuật công nghệ hóa học; Công nghệ kỹ thuật hoá học,7510401;QHT07;7510401_DKD;7510401C;7510401c;7510401V;D126;7510401A
22,Công nghệ sinh - Hóa,275,Công nghệ Sinh học,Công nghệ Sinh học; Công nghệ sinh học (Kỹ thuật xét nghiệm Y - Sinh; Công nghệ sinh dược và nông nghiệp công nghệ cao); Công nghệ sinh học gồm 03 chuyên ngành: Công nghệ sinh học y dược; Công nghệ sinh học nông nghiệp; Công nghệ sinh học thẩm mĩ; Công nghệ Sinh học – Phát triển thuốc; Công nghệ Sinh học (Chương trình tăng cường tiếng Anh); Công nghệ sinh học (Chương trình liên kết với ĐH West of England) (2+2); Công nghệ sinh học định hướng Y Sinh (Chương trình liên kết với ĐH West of England) (4+0); Công nghệ sinh học (CTNC); Công nghệ sinh học CLC; Công nghệ sinh học Chất lượng cao; Công nghệ sinh học (PHGL); Công nghệ sinh học (Chương trình Minh Phú - NTU); Công nghệ sinh học (Chương trình Minh Phú -NTU); Công nghệ sinh học (CTTT); Công nghệ sinh học - Chương trình dự bị đại học bằng tiếng Anh; Công nghệ sinh học - Chất lượng cao; Công nghệ sinh học - Chương trình đại học bằng tiếng Anh; Công nghệ sinh học và Công nghệ dược liệu,218;7420201;7420201G;7420201_NB;BI01;BIO1;QHT09;TLA119;F7420201;FA7420201;D7420201;7420201WE2;7420201_WE2;7420201MP;742020l_DKD;7420201_DKD;742020l_DKD;7420201C;7420201T;7420201WE4;7420201_WE4;HVN09;CN21;HVN09_QT;254;AP04;KS1-7420201;7420201-01;7420201NB;7420201TC
22,Công nghệ sinh - Hóa,276,Sinh học,Hóa - Thực phẩm - Sinh học; Hóa - Thực phẩm - Sinh học (Nhóm ngành); Sinh học; Sinh học (Chương trình tăng cường tiếng Anh); Sinh dược học,7420101;7420101B;7420101D;QHT08;7420101_DKD;114;QHT81
22,Công nghệ sinh - Hóa,277,Hoá học,"Hóa - Thực phẩm - Sinh học; Hóa - Thực phẩm - Sinh học (Nhóm ngành); Hóa học; Hoá học; Hóa học (Hóa sinh); Hóa học (Hóa học - Sinh học - Vật lý); Hóa học (Hóa phân tích); Hóa học, gồm các chuyên ngành: Hóa Dược; Hóa phân tích môi trường; Hóa học (Hóa dược - Sản phẩm thiên nhiên); Hóa học (Hóa dược -Sản phẩm thiên nhiên); Hóa học (Chương trình tăng cường tiếng Anh); Khoa học sự sống và Hóa học",QHT06;7440112;7440112A;7440112B;CH2;7440112_DKD;114;IU04;7440112-01;7440112D;CH2_A00
22,Công nghệ sinh - Hóa,278,Kỹ thuật Hóa học,Kỹ thuật Hóa học; Kỹ thuật Hóa học (Lọc-Hóa dầu); Kỹ thuật hoá học Chương trình tiên tiến; Kỹ thuật hóa học - Chất lượng cao; Chỉ huy Kỹ thuật hóa học; Kĩ thuật Hóa học,7520301;214;CH1;CHE1;TLA118;F7520301;7860229_B;7860229_N;314;CH1_A00;7520301TC
22,Công nghệ sinh - Hóa,279,Kỹ thuật Sinh học,Kỹ thuật sinh học (CT tiên tiến); Kỹ thuật Sinh học; Kĩ thuật sinh học,7420202;BF1;BF-E19;BF-E19_A00;BF1_A00
22,Công nghệ sinh - Hóa,280,Kỹ thuật Y Sinh,Kỹ thuật Y Sinh; Kỹ thuật y sinh (Điện tử y sinh) (Tiếng Việt); Kỹ thuật y sinh (Điện tử y sinh) (đào tạo bằng tiếng Việt); Kỹ thuật y sinh (Điện tử y sinh); Kỹ thuật Y sinh (CT tiên tiến); Kĩ thuật Y Sinh,237;7520202;7520212;ET2;ET-E5;EEE2;7520212V;IU05;7520212A;ET-E5_A00
22,Công nghệ sinh - Hóa,281,Sinh học ứng dụng,Sinh học ứng dụng; Sinh học ứng dụng (Dược liệu),7420203;7420203A
23,Luật - Tòa án,515,Luật dân sự và tố tụng dân sự,Luật dân sự và tố tụng dân sự,7380103;NTH.LS.H17_4;503;503E;NT.LS.H17_4;A1LD;NTHLS17_TH
23,Luật - Tòa án,516,Luật hiến pháp và luật hành chính,Luật hiến pháp và luật hành chính,7380102;505
23,Luật - Tòa án,177,Quản trị kinh doanh & Luật,Quản trị kinh doanh & Luật,7340101QL
23,Luật - Tòa án,282,Luật,"Kế toán & Luật; Luật; Luật (đào tạo tại trụ sở chính Hà Nội); Luật kinh doanh quốc tế; Luật, 2 chuyên ngành: - Luật hành chính; - Luật tư pháp.; Luật (02 chuyên ngành: Luật, Luật kinh tế); Luật (Luật, Dịch vụ pháp luật); Luật (chuyên ngành Luật và chính sách hàng hải); Luật - Chuyên ngành Kiểm sát; Luật; 2 chuyên ngành: - Luật hành chính; - Luật tư pháp;; Luật, chuyên ngành Kiểm sát; Luật (02 chuyên ngành: Luật; Luật kinh tế); Ngành Luật; Luật (Luật dân sự, Luật thương mại và Luật hình sự); Luật & Ngôn ngữ Anh; Luật (Luật dân sự); Luật( Chuyên ngành Luật Dân sự); Luật (Luật Tài chính - Ngân hàng); Luật (Chuyên ngành Luật Tài chính - Ngân hàng); Luật (Luật và chính sách công); Luật (Chuyên ngành Luật và Chính sách công); Luật kinh tế và dân sự (ngành Luật); Luật chất lượng cao; Luật (dự kiến); Luật (Khu Hòa An) Chuyên ngành Luật hành chính.; Luật (Khu Hòa An) Chuyên ngành Luật hành chính;; Luật (Khu Hòa An); Luật (Tiếng Việt); Luật (đào tạo bằng tiếng Việt); Luật - Chất lượng cao; Luật - Chương trình học tại Phân hiệu Khánh Hòa; Luật Kiểm Sát; Chuyên ngành Thanh tra thuộc ngành Luật",7380101;GTADCLA2;HVN13;N7380101;TLA301;F7380101;7380101LA;7380101_504;7380101_505;7380101CT;7380101H;7380101_503;7380101V;7380101V;7380101CLC;7380101C1;NTH01-01;7340301KL;7380101_B;7380101_N;DKS-LUAT;DKS-KS1;DKS-KS2;DKS-KS3;DKS-KS4;7380101-01-HàNội;7380101-01-QuảngNam;7380101-01-TP-HCM;7380101-ĐắkLắk;7380101-HàNội;7380101-QuảngNam;7380101-TP-HCM;7380101_NAM_B;7380101_NU_B;7380101_NAM_N;7380101_NU_N;7380101_503E;7380101A;7380101LA;CN1-7380101;FOL3;TLS301;F7380101T;7380101PH;7380101S;7380101_01;506;LAW04;HC1701;A1LU;7380101TC;UTHLAW01A;UTHLAW01V
23,Luật - Tòa án,283,Luật hàng hải,Luật hàng hải,D120
23,Luật - Tòa án,284,Luật hình sự và tố tụng hình sự,Luật hình sự và tố tụng hình sự,7380104;A1LH
23,Luật - Tòa án,285,Luật kinh doanh,Luật kinh doanh; Chương trình ĐHNNQT Luật Kinh doanh quốc tế theo mô hình thực hành nghề nghiệp; POHE-Luật kinh doanh,7380110;D132;POHE4;LAWH2.1;TM35;FOL2;NTH.LS.H17_2;501;HC17.01;NT.LS.H17_2
23,Luật - Tòa án,286,Luật kinh tế,Luật kinh tế; Digital Marketing (Chương Trình tiếng Anh); Luật kinh tế (Luật kinh doanh); Luật kinh tế (Chuyên ngành Luật Kinh doanh); Luật kinh tế (Luật thương mại quốc tế); Luật Kinh tế (Chuyên ngành Luật thương mại quốc tế); Luật kinh tế (Luật thương mại quốc tế) Chất lượng cao bằng Tiếng Anh); Luật Kinh tế (Chuyên ngành Luật thương mại quốc tế)(Tiếng Anh); Luật kinh tế (Học tại phân hiệu ĐHTN tại tỉnh Hà Giang); Luật kinh tế (CT chất lượng cao); Luật kinh tế Chất lượng cao; Luật kinh tế (Luật kinh tế); Luật kinh tế (Luật thương mại quốc tế),7380107;7380107C;FBE5;LAW01;LAW02;TLA302;7380107_501;7380107_502;7380107_502E;7380107-HG;DKS-LKT;TM34;TM5;TM36;FOL1;7380101_LKT;7380107_TABP;7380107S;NTH.LS.H17_3;504;LAW03;NT.LS.H17_3;TM35;NTHLS17_DHNNQT;7380107_QT
23,Luật - Tòa án,287,Luật quốc tế,Luật quốc tế,7380108;7380108;CHQT04;7380108C;FOL4;FOL5;HQT04
23,Luật - Tòa án,288,Luật thương mại quốc tế,Luật thương mại quốc tế; Chương trình tiêu chuẩn Luật thương mại quốc tế,7380109;HQT07;LAWH1.1;7380107_A;NTH.LS.H17_1;502;502E;NT.LS.H17_1;TM36;NTHLS17
23,Luật - Tòa án,289,Quản trị - Luật,Quản trị - Luật,7340102
23,Luật - Tòa án,290,Tài chính ngân hàng & Luật,Tài chính ngân hàng & Luật,7340201TL
24,Mỏ - Địa chất,291,Kỹ thuật trắc địa - bản đồ,Kỹ thuật trắc địa - bản đồ; Kỹ thuật Trắc địa -Bản đồ,7520503;7520503PH
24,Mỏ - Địa chất,292,Kỹ thuật địa chất,Kỹ thuật địa chất; Kỹ thuật Địa chất (Địa chất - Địa vật lý Dầu khí),7520501;151
24,Mỏ - Địa chất,293,Địa chất học,"Địa chất học; Nhóm ngành Địa chất học, Kinh tế đất đai; Ngành Địa chất học",7440201;QHT18;7440201_NN
24,Mỏ - Địa chất,294,"Công nghệ, kỹ thuật dầu khí",Dầu khí - Địa chất; Dầu khí - Địa chất (Nhóm ngành); Kỹ thuật Dầu khí; Công nghệ dầu khí và khai thác dầu; Kỹ thuật Dầu khí (Khoan-Khai thác Mỏ Dầu khí),7510701;220;7520604;120;150
24,Mỏ - Địa chất,295,Đá quý Đá mỹ nghệ,Đá quý Đá mỹ nghệ,7520505
24,Mỏ - Địa chất,296,Kỹ thuật mỏ,Kỹ thuật mỏ,7520601
24,Mỏ - Địa chất,297,Kỹ thuật địa vật lý,Kỹ thuật địa vật lý,7520502
24,Mỏ - Địa chất,298,Kỹ thuật tuyển khoáng,Kỹ thuật tuyển khoáng,7520607
25,Mỹ thuật - Âm nhạc - Nghệ thuật,871,Biên đạo múa,Biên đạo múa; Biên đạo múa đại chúng; Huấn luyện múa,7210243;7210243A;7210244
25,Mỹ thuật - Âm nhạc - Nghệ thuật,902,CTĐT Nghệ thuật và thiết kế,CTĐT Nghệ thuật và thiết kế,72104_NT1;72104_NT2;72104_NT3;XDA41;XDA41_1;XDA41_2;XDA41_3
25,Mỹ thuật - Âm nhạc - Nghệ thuật,522,Sáng tác âm nhạc,Sáng tác âm nhạc,7210203
25,Mỹ thuật - Âm nhạc - Nghệ thuật,523,Chỉ huy âm nhạc,Chỉ huy âm nhạc,7210204
25,Mỹ thuật - Âm nhạc - Nghệ thuật,524,Biểu diễn nhạc cụ phương Tây,Biểu diễn nhạc cụ phương Tây,7210207
25,Mỹ thuật - Âm nhạc - Nghệ thuật,525,Nhạc Jazz,Nhạc Jazz,7210209
25,Mỹ thuật - Âm nhạc - Nghệ thuật,526,Nghệ thuật thị giác,Nghệ thuật thị giác (Chuyên ngành Nhiếp ảnh nghệ thuật); Nghệ thuật thị giác (Chuyên ngành Nghệ thuật truyền thông Đương đại),72101a1A;72101a1B
25,Mỹ thuật - Âm nhạc - Nghệ thuật,527,Thiết kế sáng tạo,Thiết kế sáng tạo (Chuyên ngành Thời trang và sáng tạo); Thiết kế sáng tạo (Chuyên ngành Thiết kế nội thất bền vững); Thiết kế sáng tạo (Chuyên ngành Đồ họa công nghệ số),7210407;7210407A;7210407B;7210407C
25,Mỹ thuật - Âm nhạc - Nghệ thuật,299,"Công nghệ điện ảnh, truyền hình","Công nghệ điện ảnh, truyền hình; Điện ảnh và nghệ thuật đại chúng; Âm thanh điện ảnh-truyền hình",7210302;QHX04;7210302B
25,Mỹ thuật - Âm nhạc - Nghệ thuật,300,Diễn viên Kịch - Điện ảnh,"Diễn viên kịch, Điện ảnh - Truyền hình; Diễn viên Kịch - Điện ảnh; Diễn viên Kịch - Điện ảnh liên thông; Diễn viên kịch, điện ảnh-truyền hình; Diễn viên chèo, Diễn viên rối, Diễn viên nhạc kịch",7210234;7210226B;7210226C;7210234A;7210226C;7210234A;7210226A
25,Mỹ thuật - Âm nhạc - Nghệ thuật,301,"Đạo diễn Điện ảnh, Truyền hình","Đạo diễn Điện ảnh, Truyền hình; Đạo diễn sự kiện lễ hội; Đạo diễn điện ảnh; Đạo diễn truyền hình; Đạo diễn, sản xuất nội dung số;",7210235;7210227A;7210227B;7210235A;7210235B;7210235C;
25,Mỹ thuật - Âm nhạc - Nghệ thuật,302,Piano,Piano,7210208
25,Mỹ thuật - Âm nhạc - Nghệ thuật,303,Thanh nhạc,Thanh nhạc,7210205
25,Mỹ thuật - Âm nhạc - Nghệ thuật,304,Điêu khắc,Điêu khắc,7210105
25,Mỹ thuật - Âm nhạc - Nghệ thuật,305,Hội họa,Hội họa,7210103
25,Mỹ thuật - Âm nhạc - Nghệ thuật,306,Nhiếp ảnh nghệ thuật,Nhiếp ảnh nghệ thuật,7210112A;72101a1A;7210301A;7210301
25,Mỹ thuật - Âm nhạc - Nghệ thuật,307,Âm nhạc,Âm nhạc học; Âm nhạc; Nhạc công kịch hát dân tộc,7210405;7210201;7210226E
25,Mỹ thuật - Âm nhạc - Nghệ thuật,308,Digital Art,Digital Art (Nghệ thuật số); Nghệ thuật số (Digital Art); Nghệ thuật số,7210408
25,Mỹ thuật - Âm nhạc - Nghệ thuật,309,Biểu diễn nhạc cụ truyền thống,Biểu diễn nhạc cụ truyền thống,7210210
25,Mỹ thuật - Âm nhạc - Nghệ thuật,310,Công nghệ nghệ thuật (Arttech),Công nghệ nghệ thuật (Arttech),7480201_02
25,Mỹ thuật - Âm nhạc - Nghệ thuật,311,Nghệ thuật học,Nghệ thuật học,7210213
25,Mỹ thuật - Âm nhạc - Nghệ thuật,312,Nghệ thuật tạo hình đương đại,Nghệ thuật tạo hình đương đại,7210112B
26,Tài nguyên - Môi trường,204,Tài nguyên và Du lịch sinh thái,Tài nguyên và Du lịch sinh thái; Tài nguyên và Du lịch sinh thái (PHGL),7859002;7859002G
26,Tài nguyên - Môi trường,313,Công nghệ kĩ thuật môi trường,Công nghệ Kỹ thuật Môi trường; Công nghệ kỹ thuật môi trường; Công nghệ kĩ thuật môi trường; Công nghệ kỹ thuật môi trường (Chuyên ngành cấp thoát nước và môi trường nước); Công nghệ kỹ thuật môi trường (Tiếng Việt); Công nghệ kỹ thuật môi trường (đào tạo bằng tiếng Việt); Công nghệ và quản lý môi trường; Công nghệ kỹ thuật môi trường,7510406;7510406PH;QHT15;7510406V;GTADCMN2
26,Tài nguyên - Môi trường,314,Khoa học môi trường,Khoa học môi trường; Khoa học môi trường (Môi trường; An toàn sức khỏe môi trường); Khoa học Môi trường ứng dụng; Khoa học Môi trường (Chương trình tăng cường tiếng Anh); Khoa học và quàn lý môi trường (Chương trình tiên tiến),7440301;HVN16;QHT13;7440301_DKD;7904492
26,Tài nguyên - Môi trường,315,Kỹ thuật môi trường,Kỹ thuật môi trường; Kĩ thuật môi trường; Kỹ thuật môi trường (02 chuyên ngành: Kỹ thuật môi trường; Quản lý môi trường và an toàn vệ sinh lao động); Kỹ thuật môi trường (chuyên ngành Kỹ thuật môi trường; Quản lý an toàn và môi trường); Kỹ thuật môi trường (Kỹ sư),7520320;D115;EV1;TLA109;325;7510406A;GHA25;XDA39;UTHKMT01D
26,Tài nguyên - Môi trường,316,Kỹ thuật cấp thoát nước,Kỹ thuật Cấp thoát nước/ Kỹ thuật nước - Môi trường nước; Kỹ thuật cấp thoát nước; Kỹ thuật cấp thoát nước (Kỹ sư); Kỹ thuật cấp thoát nước/ Kỹ thuật nước _ Môi trường nước,7580213;7580213-DN;TLA107;7580205_02;7580213_01;TLS107;XDA15
26,Tài nguyên - Môi trường,317,Quản lý tài nguyên rừng,Quản lý tài nguyên rừng; Quản lý tài nguyên rừng; Quản lý tài nguyên rừng (Kiểm lâm); Quản lí tài nguyên rừng,7620211
26,Tài nguyên - Môi trường,318,Quản lý đất đai,"Quản lý đất đai; Quán lý đất đai (Chuyên ngành: Quán lý đất đai; Quán lý phát triển đô thị và bất động sản); Ngành Quản lý đất đai gồm 02 chuyên ngành: Quản lý đất đai; Kinh tế tài nguyên thiên nhiên.; Quản lý đất đai; Quản lý đất đai, Bất động sản và Môi trường",7850103;7850103PH;785030;QHT12;HVN15
26,Tài nguyên - Môi trường,319,Quản lý tài nguyên và môi trường,Quản lý tài nguyên và môi trường; Quản lí tài nguyên và môi trường; QL tài nguyên và môi trường; Quản lý tài nguyên & môi trường; Quản lý tài nguyên và môi trường (Chương trình tiên tiến); Quản lí tài nguyên & môi trường; Quản lý tài nguyên môi trường,7850101;7850101PH;EV2;QHT20;7850101V;7850101_A
26,Tài nguyên - Môi trường,320,Tài nguyên và Môi trường,Tài nguyên và Môi trường; Tài nguyên và môi trường nước,125;225;QHT92
26,Tài nguyên - Môi trường,321,Quản lý tài nguyên,Quản lý tài nguyên thiên nhiên; Quản lý tổng hợp tài nguyên nước; Quản lý tài nguyên và môi trường biển đảo; Quản lý tài nguyên nước; Quản trị tài nguyên di sản,7850198;7850106;7850197;7850195;7900205
26,Tài nguyên - Môi trường,322,"Bảo hộ, an toàn lao động","Quản lý an toàn, sức khỏe và môi trường; Bảo hộ lao động; An toàn, vệ sinh lao động; Môi trường, sức khỏe và an toàn",7850201;7850202;QHT82;7850105;N7850201
26,Tài nguyên - Môi trường,323,Kỹ thuật khí thiên nhiên,Kỹ thuật khí thiên nhiên,7520605
26,Tài nguyên - Môi trường,324,Kỹ thuật môi trường đô thị,Kỹ thuật môi trường đô thị; Kỹ thuật cơ sở hạ tầng (Chuyên ngành Kỹ thuật môi trường đô thị),7580210_1
26,Tài nguyên - Môi trường,325,Tài nguyên nước và môi trường,Tài nguyên và môi trường nước; Tài nguyên nước và môi trường (Thủy văn học),TLA103;QHT92
26,Tài nguyên - Môi trường,326,Quản lý biển,Quản lý biển,7850199
27,Tâm lý,327,Tâm lý học,Tâm lý học (Tâm lý học trường học); Tham vấn và trị liệu tâm lý (ngành Tâm lý học); Tâm lý học; Tâm lý học; Tâm lý học (đào tạo tại trụ sở chính Hà Nội); Tâm lý học; Tâm lý học lâm sàn; Tâm lý học tội phạm,7310401;7310401C;7310401D;7310401C1;7310401_02;7310401_03;QHX21;ED5;7310401_CLC;7310401QT;ED5_A00
27,Tâm lý,328,Tâm lý học giáo dục,Tâm lý học giáo dục; Tâm lý học giáo dục (Tiếng Việt); Tâm lý học giáo dục (đào tạo bằng tiếng Việt); Tham vấn tâm lý học đường,7310403;7310403C;7310403D;7310403V;7310401_01;7310403BP;QHS12
28,Thể dục - Thể thao,90,Giáo dục Thể chất,Giáo dục Thể chất,7140206;7140206_LA;7140206_01
28,Thể dục - Thể thao,329,Huấn luyện thể thao,Huấn luyện thể thao,7810302;7140207
28,Thể dục - Thể thao,330,Quản lý thể dục thể thao,Quản lý thể dục thể thao; Quản lý TDTT; Quản lý thể dục thể thao (Chuyên ngành Kinh doanh thể thao và tổ chức sự kiện); Quản lý thể dục thể thao (Chuyên ngành Golf),7810301;7810301G;N7810301
29,Thời trang - May mặc,331,Công nghệ Dệt May,"Dệt - May; Dệt - May (Nhóm ngành); Công nghệ vật liệu dệt; may; Công nghệ vật liệu dệt, may; Công nghệ dệt; may; Công nghệ dệt, may; Công nghệ may; Công nghệ Dệt May; Công nghệ Dệt - May",7540204;TX1;7540204DKD;7540204DKK;7540203;112;7540203DKD;7540203DKK
29,Thời trang - May mặc,332,Công nghệ may,Công nghệ may; Công nghệ may (Tiếng Việt); Công nghệ may (đào tạo bằng tiếng Việt),7540209;7540209V
29,Thời trang - May mặc,333,Công nghệ sợi dệt,"Công nghệ sợi dệt; Công nghệ sợi, dệt",7540202;7540202DKD;7540202DKK
29,Thời trang - May mặc,334,Kinh doanh thời trang và Dệt may,Kinh doanh thời trang và Dệt may,7340123;7340101_B
29,Thời trang - May mặc,335,Thiết kế thời trang,Thiết kế thời trang; Thiết kế thời trang (Tiếng Việt); Thiết kế thời trang (đào tạo bằng tiếng Việt); Thời trang và sáng tạo,7210404;7210404V;7210407A
30,Thủy sản - Lâm Nghiệp - Nông nghiệp,866,Công nghệ nông nghiệp,,7620190
30,Thủy sản - Lâm Nghiệp - Nông nghiệp,317,Quản lý tài nguyên rừng,Quản lý tài nguyên rừng; Quản lý tài nguyên rừng; Quản lý tài nguyên rừng (Kiểm lâm); Quản lí tài nguyên rừng,7620211
30,Thủy sản - Lâm Nghiệp - Nông nghiệp,336,Công nghệ chế biến thủy sản,Công nghệ chế biến thủy sản; Công nghệ chế biến thuỷ sản (02 chuyên ngành: Công nghệ chế biến thủy sản; Công nghệ sau thu hoạch); Công nghệ chế biến thuỷ sản (Chương trình Minh Phú - NTU); Công nghệ chế biến thuỷ sản (Chương trình Minh Phú-NTU),7540105;7540105MP
30,Thủy sản - Lâm Nghiệp - Nông nghiệp,337,Chăn nuôi thủy sản,Chăn nuôi; Chăn nuôi thú y; Chăn nuôi (CTNC),7620105C
30,Thủy sản - Lâm Nghiệp - Nông nghiệp,338,Lâm nghiệp,Lâm nghiệp đô thị; Lâm nghiệp đô thị (PHGL); Lâm nghiệp; Lâm sinh,7620202;7620202G;7620210
30,Thủy sản - Lâm Nghiệp - Nông nghiệp,339,Lâm học,Lâm học,7620201
30,Thủy sản - Lâm Nghiệp - Nông nghiệp,340,Nông nghiệp,Nông nghiệp; Nông nghiệp - Khoa học cây trồng - Chăn nuôi; Nông nghiệp công nghệ cao; Nông nghiệp thông minh và bền vững; Công nghệ nông nghiệp; Nông nghiệp sinh thái và Nông nghiệp đô thị; Kinh tế nông nghiệp,7620101;7620101DL;7620118;HVN03;7620122;CN10;HVN03_QT;7620122QTD;7620122QTD;7620110;7906425-CTTT;VJU5
30,Thủy sản - Lâm Nghiệp - Nông nghiệp,341,Nông học,Nông học; Nông học (Bảo vệ thực vật; Trồng trọt; Chăn nuôi thú y và thủy sản); Nông học (PHGL),7620109;7620109G;7620109N
30,Thủy sản - Lâm Nghiệp - Nông nghiệp,342,Bảo vệ thực vật,Bảo vệ thực vật,7620112;7620112TC
30,Thủy sản - Lâm Nghiệp - Nông nghiệp,343,Khoa học cây trồng,"Khoa học cây trồng, 2 chuyên ngành: - Khoa học cây trồng; - Nông nghiệp công nghệ cao.; Khoa học cây trồng; Khoa học cây trồng; Khoa học cây trồng; 2 chuyên ngành: - Khoa học cây trảng; - Nông nghiệp công nghệ cao;",7620110
30,Thủy sản - Lâm Nghiệp - Nông nghiệp,344,Kinh doanh nông nghiệp,Kinh doanh nông nghiệp; Kinh doanh nông nghiệp (Khu Hòa An),7620114;7620114H;;7620191
30,Thủy sản - Lâm Nghiệp - Nông nghiệp,345,Nuôi trồng thủy sản,Nuôi trồng thủy sản; Nuôi trồng thủy sản; Nuôi trồng thủy sản (CTTT); Nuôi trồng thuỷ sản (Chương trình Minh Phú - NTU),7620301;7620301MP;7620301T;7620301TC
30,Thủy sản - Lâm Nghiệp - Nông nghiệp,346,Phát triển nông thôn,Phát triển nông thôn; Phát triển nông thôn,7620116
30,Thủy sản - Lâm Nghiệp - Nông nghiệp,347,Quản lý thủy sản,Quản lý thủy sản; Quản lý thủy sản,7620305
30,Thủy sản - Lâm Nghiệp - Nông nghiệp,348,Công nghệ chế biến lâm sản,Công nghệ chế biến lâm sản,7549001
30,Thủy sản - Lâm Nghiệp - Nông nghiệp,349,Công nghệ sau thu hoạch,Công nghệ sau thu hoạch; Công nghệ rau hoa quả và cảnh quan,7540104;7620113
30,Thủy sản - Lâm Nghiệp - Nông nghiệp,350,Bệnh học thủy sản,Bệnh học thủy sản; Bệnh học thủy sản,7620302
30,Thủy sản - Lâm Nghiệp - Nông nghiệp,351,Khoa học đất,Khoa học đất (Quản lý đất và công nghệ phân bón),7620103
30,Thủy sản - Lâm Nghiệp - Nông nghiệp,352,Khoa học thủy sản,Khoa hoc thủy sản (02 chuyên ngành: Khoa hoc thủy sản: Khai thác thủy sản); Khoa hoc thủy sản (02 chuyên ngành: Khoa hoc thủy sản; Khai thác thủy sản),7620303
30,Thủy sản - Lâm Nghiệp - Nông nghiệp,353,Khuyến nông,Khuyến nông,7620102
30,Thủy sản - Lâm Nghiệp - Nông nghiệp,354,Kỹ nghệ gỗ và nội thất,Kỹ nghệ gỗ và nội thất (Tiếng Việt); Kỹ nghệ gỗ và nội thất (đào tạo bằng tiếng Việt),7549002V
31,Toán học và thống kê,355,Toán học,"Toán học; Toán học (Toán - Tin học); Nhóm Ngành Toán học, Toán tin, Toán ứng dụng",7460101;7460101A;7460101D;QHT01;7460101_NN
31,Toán học và thống kê,356,Toán Kinh tế,"Toán kinh tế; Toán kinh tế (Toán ứng dụng trong kinh tế, quản trị và tài chính); Toán Kinh tế (Chuyên ngành Toán ứng dụng trong Kinh tế, Quản trị và Tài chính); Toán kinh tế (Toán ứng dụng trong kinh tế, quản trị và tài chính) Chất lượng cao bằng tiếng Anh; Toán Kinh tế (Chuyên ngành Toán ứng dụng trong Kinh tế, Quản trị và Tài chính) (Tiếng Anh); Toán kinh tế (phân tích dữ liệu); Toán Kinh tế (Chuyên ngành Phân tích dữ liệu)",7310108_419;7310108_413;7310108_413E;7310108;413;413E;EP29;HC1812
31,Toán học và thống kê,357,Toán ứng dụng,"Nhóm Ngành Toán học, Toán tin, Toán ứng dụng; Toán ứng dụng; Toán ứng dụng (Kỹ thuật Tài chính và Quản trị rủi ro)",7460112;7460101_NN;IU03;EP30;7460112_DKD;GHA02
31,Toán học và thống kê,358,Thống kê kinh doanh,Thống kê kinh doanh; Thống kê kinh tế,7310107
31,Toán học và thống kê,359,Toán tin,"Nhóm Ngành Toán học, Toán tin, Toán ứng dụng; Toán - tin",7460117;QHT02;7460101_NN;MI1;7460117_DKD;7460117_GV;7460117TC
31,Toán học và thống kê,360,Thống kê,Thống kê; Thống kê (Thống kê ứng dụng),7460201;IU03
31,Toán học và thống kê,361,Toán tài chính,Toán tài chính,7310108_01;HC18.01
32,Nhân sự - Hành chính,362,Quản lý công,Quản lý công; Quản lý công (Quản lý kinh tế); Quản lý công và Chính sách (E-PMP); Quản lý công và Chính sách (E-PMP)/ngành Kinh tế; Ngân hàng trung ương và chính sách công (Chương trình Chất lượng cao),7340403;7340403_418;EPMP;BANK07;418;CT7340403
32,Nhân sự - Hành chính,363,Quản trị nhân lực,Kinh tế và quản lý nguồn nhân lực (ngành Kinh tế); Kinh tế và QL NNL (ngành Kinh tế); Quản trị nguồn nhân lực (ngành Quản trị kinh doanh); Quản trị nhân lực; Quản trị Nhân lực và Nhân tài; Quản trị kinh doanh (Chuyên ngành Quản trị nguồn nhân lực) - Chất lượng cao; Quản trị nhân lực  (Quản trị nhân lực doanh nghiệp); Quản trị nhân lực (Quản trị nhân lực doanh nghiệp); Quản trị nhân lực (Quản trị nhân lực doanh nghiệp - Chương trình định hướng chuyên sâu nghề nghiệp quốc tế - IPOP),7340404;FBE4;73101013;7310101_3;F7340101;7900103;7340404_CLC2;7340404-ĐắkLắk;7340404-HàNội;7340404-QuảngNam;7340404-TP-HCM;TM37;TM8;TM38;7340404S;NTH.QT.H10_3;CLC2-02;EP28;BUS08;NT.QT.H10_3;HAT;NTHQT10_DHNN;7340101_1
32,Nhân sự - Hành chính,364,Quản trị văn phòng,Quản trị văn phòng; Chuyên ngành Thư ký văn phòng doanh nghiệp thuộc ngành Quản trị văn phòng,7340406;7340406-01-HàNội;7340406-HàNội;7340406-QuảngNam;7340406-TP-HCM;QHX19
32,Nhân sự - Hành chính,365,Hệ thống hoạch định nguồn lực doanh nghiệp,Hệ thống hoạch định nguồn lực doanh nghiệp,7340405_02
32,Nhân sự - Hành chính,366,Quan hệ lao động,"Quan hệ lao động (Chuyên ngành Quản lý quan hệ lao động, chuyên ngành Hành vi tổ chức); Quan hệ lao động (Chuyên ngành Quản lý quan hệ lao động. Chuyên ngành Hành vi tổ chức); Quan hệ lao động",7340408;N7340408
33,Văn hóa - Chính trị - Khoa học Xã hội,900,Di sản,,7229047;7229047A;7229047B;HVN23
33,Văn hóa - Chính trị - Khoa học Xã hội,202,Quốc tế học,Quốc tế học; Tâm lí học; Quốc tế học (Chương trình dạy và học bằng tiếng Anh); Quốc tế học (dạy bằng tiếng Anh); Quản lý du lịch Quốc tế,7310601;7810204;QHX20;VJU7
33,Văn hóa - Chính trị - Khoa học Xã hội,367,Văn hóa học,"Ngành Văn hóa các dân tộc thiểu số Việt Nam; Văn hóa và truyền thông xuyên quốc gia; Văn hóa học; Văn hóa học (Văn hóa - Truyền thông); Văn hóa học - Nghiên cứu văn hóa; Ngành Văn hóa học, chuyên ngành Văn hóa Việt Nam; Văn hoá học - Văn hóa truyền thông; Ngành Văn hóa học, chuyên ngành Công nghiệp Văn hóa; Văn hóa học - Văn hóa đối ngoại; Ngành Văn hóa học, chuyên ngành Truyền thông Văn hóa; Văn hóa Du lịch; Chuyên ngành Văn hóa Du lịch thuộc ngành Văn hóa học; Chuyên ngành Văn hóa Truyền thông thuộc ngành Văn hóa học",7229040B;7229040C;7229040A;722904;7229040-01-HàNội;7229040-02-HàNội;QHX25;7229040
33,Văn hóa - Chính trị - Khoa học Xã hội,368,Quản lý văn hóa,"Quản lý văn hóa; Quản lý văn hóa (Sự kiện và truyền thông); Quản lý văn hoá - Chính sách văn hóa và quản lý nghệ thuật; Ngành Quản lý văn hóa, chuyên ngành Quản lý hoạt động văn hóa xã hội; Quản lý văn hoá - Quản lý di sản văn hóa; Ngành Quản lý văn hóa, chuyên ngành Quản lý di sản văn hóa và phát triển du lịch; Ngành Quản lý văn hóa, chuyên ngành Tổ chức, dàn dựng chương trình văn hóa nghệ thuật; QLVH - Biểu diễn nghệ thuật; Quản lý văn hoá - Tổ chức sự kiện; Ngành Quản lý văn hóa, chuyên ngành Tổ chức sự kiện văn hóa, thể thao, du lịch; QLVH - Tổ chức sự kiện văn hóa; Chuyên ngành Quản lý di sản văn hóa và phát triển du lịch thuộc ngành Quản lý văn hóa",7229042;7229042B;7229042A;7229042D;7229042C;7229042-01-HàNội;7229042-HàNội
33,Văn hóa - Chính trị - Khoa học Xã hội,369,Chính trị học,"Kinh tế, chuyên ngành Quản lý kinh tế; Chính trị học, chuyên ngành Công tác tư tưởng - văn hóa; Chính tri học, chuyên ngành Chính trị phát triển; Chính trị học, chuyên ngành Tư tưởng Hồ Chí Minh; Chính tri học, chuyên ngành Truyền thông chính sách; Chính trị học; Chuyên ngành Chính sách công thuộc ngành Chính trị học",7310201;7310201B;7310201C;QHX02;531;530;538;533;527;7310201-HàNội;7310201-01-HàNội;530_100;531_100;533_100;538_100;7310201TC;CT531;TH533;TT530;TT538
33,Văn hóa - Chính trị - Khoa học Xã hội,370,Văn học,Văn học; Văn học (CN Văn báo chí truyền thông); Văn học (Ngữ văn tổng hợp; Ngữ văn báo chí); Văn học (Báo chí - Truyền thông); Văn học (Báo chí -Truyền thông),7229030;7229030C;7229030D;QHX26
33,Văn hóa - Chính trị - Khoa học Xã hội,371,Việt Nam Học,Việt Nam Học; Việt Nam học (chuyên ngành Văn hóa du lịch); Việt Nam học (Chuyên ngành Du lịch); Việt Nam học (Chuyên ngành Du lịch và lữ hành); Việt Nam học (Hướng dẫn viên du lịch; Quản lý Nhà hàng và Khách sạn); Việt Nam học (Văn hóa - Du lịch); Việt Nam học (CN Văn hóa - Du lịch); Việt Nam học (Văn hoá Du lịch); Việt Nam học (Chuyên ngành Du lịch và quản lý du lịch); Việt Nam học (Chuyên ngành Du lịch và Quản lý du lịch) - Chương trình dự bị đại học bằng tiếng Anh; Việt Nam học (Chuyên ngành Du lịch và Quản lý du lịch) - Chất lượng cao; Việt Nam học (Chuyên ngành Du lịch và Quản lý du lịch) - Chương trình đại học bằng tiếng Anh; Việt Nam học (Chuyên ngành Du lịch và lữ hành) - Chương trình học tại Phân hiệu Khánh Hòa,7310630;7310630C;7310630D;N7310630;7310630Q;F7310630Q;FA7310630Q;D7310630Q;7310630A;QHX27;7310630_LKB;7310630LK;FOS2
33,Văn hóa - Chính trị - Khoa học Xã hội,372,Xã hội học,Xã hội học; Xã hội học - Truyền thông đa phương tiện - Quan hệ công chúng,7310301;HVN12;F7310301;7310301_100;QHX28;CN7229008;XH7310301
33,Văn hóa - Chính trị - Khoa học Xã hội,373,Xây dựng Đảng & CQNN,Chủ nghĩa xã hội khoa học; Xây dựng Đảng và Chính quyền Nhà nước; Xây dựng Đảng & CQNN,7310202;7229008;7310202_B;7310202_N;7310202_B_A00;7310202_B_C00;7310202_B_C03;7310202_B_C04;7310202_B_D01;7310202_N_A00;7310202_N_C00;7310202_N_C03;7310202_N_C04;7310202_N_D01;7310202-TP-HCM;7310202-HàNội;7229008_100;7310202_100;XD7310202
33,Văn hóa - Chính trị - Khoa học Xã hội,374,Đông phương học,"Đông phương học; Đông phương học (Tiếng Hàn Quốc, Tiếng Trung Quốc); Đông phương học (chuyên ngành Hàn Quốc học); Đông phương học (Hàn Quốc học; Nhật Bản học); Đông Phương học (Tiếng Trung Quốc - Tiếng Hàn Quốc); Đông phương học (gồm 2 chuyên ngành: ngôn ngữ Nhật Bản và ngôn ngữ Hàn Quốc); Ngôn ngữ và văn hóa Nhật Bản (ngành Đông phương học)",7310608;7310608C2;7310608NB;QHX06;7310608C1;7310608CT1;7310608C3;7310608C4;7310608C5;7310608CT2;FOS1;731060801;731060802;7310608TC
33,Văn hóa - Chính trị - Khoa học Xã hội,375,"Công tác xã hội, thanh thiếu niên",Công tác xã hội (đào tạo tại trụ sở chính Hà Nội); Công tác xã hội; Công tác xã hội (đào tạo tại cơ sở TPHCM); Công tác Thanh thiếu niên; Công tác xã hội,7760101;7760101C;7760101D;QHX03;7760101PH;7760102;7760101_01;77601011;7760101NB;7760101TC;XH7760101
33,Văn hóa - Chính trị - Khoa học Xã hội,376,Đông Nam Á học,"Đông phương học; Đông phương học (Tiếng Hàn Quốc, Tiếng Trung Quốc); Đông phương học (chuyên ngành Hàn Quốc học); Đông phương học (Hàn Quốc học; Nhật Bản học); Đông Phương học (Tiếng Trung Quốc - Tiếng Hàn Quốc); Đông phương học (gồm 2 chuyên ngành: ngôn ngữ Nhật Bản và ngôn ngữ Hàn Quốc); Đông phương học (Ngôn ngữ và văn hóa Nhật Bản); Đông phương học (Ngôn ngữ và văn hóa Hàn Quốc); Đông Nam á học",7310620;F0S1;QHX05
33,Văn hóa - Chính trị - Khoa học Xã hội,377,Lịch sử,Lịch sử (chuyên ngành Quan hệ quốc tế); Lịch sử; Lịch sử (Lịch sử - Địa lý và Kinh tế pháp luật),7229010;QHX10;7229010_100;LS7229010
33,Văn hóa - Chính trị - Khoa học Xã hội,378,Ngôn ngữ học,Ngôn ngữ và Văn hóa các dân tộc thiểu số Việt Nam; Ngôn ngữ học; Ngôn ngữ học (Tiếng Trung Quốc),7229020;7220113;QHX12
33,Văn hóa - Chính trị - Khoa học Xã hội,379,Trung Quốc học,Trung Quốc học,7310612;HQT08-04;HQT11
33,Văn hóa - Chính trị - Khoa học Xã hội,380,Hàn Quốc học,Hàn Quốc học; Hàn Quốc,7310614;QHX26;QHX08;HQT08
33,Văn hóa - Chính trị - Khoa học Xã hội,381,Nhật Bản học,Nhật Bản học; Nhật Bản học (chuẩn quốc tế),7310613;HQT08-03;7310613_CLC;QHX14;7310615;7310613QT;VJU1;HQT10
33,Văn hóa - Chính trị - Khoa học Xã hội,382,"Quản lý công, nhà nước",Quản lý nhà nước; Quản lý công; Quản lý công (Quản lý kinh tế); Quản lý công và Chính sách (E-PMP); Quản lý công và Chính sách (E-PMP)/ngành Kinh tế,7340403;7340403_418;EPMP;532;7310205;7310205-ĐắkLắk;7310205-HàNội;7310205-QuảngNam;7310205-TP-HCM;7310205_100;7310205S;NP7310205
33,Văn hóa - Chính trị - Khoa học Xã hội,384,Thông tin - Thư viện,Thông tin - thư viện; Thông tin - Thư viện (Thư viện - Thiết bị trường học và Văn thư); Thông tin – thư viện; Ngành Thông tin - Thư viện; Thông tin - Thư viện - Quản trị thư viện; Chuyên ngành: Thư viện - Thiết bị trường học; Thông tin - Thư viện - Thư viện và thiết bị trường học; Chuyên ngành: Văn thư - Lưu trữ; Chuyên ngành Quản trị thông tin thuộc ngành Thông tin - thư viện,7320201;7320201A;7320201B;7320201-01-HàNội;7320201-HàNội;QHX22
33,Văn hóa - Chính trị - Khoa học Xã hội,385,Triết học,Triết học; Triết học (Triết học Mác Lê-nin),7229001;7229001B;7229001C;QHX24;7229001_100;7229001TC;TM7229001
33,Văn hóa - Chính trị - Khoa học Xã hội,388,Kinh tế chính trị,Kinh tế chính trị; Chương trình ĐHPTQT Kinh tế chính trị quốc tế,7310102;KTCH2.1;7310102_100;NTH.QK.H12_2;HC16.01;NT.QK.H12_2;HC1601;NTHQK12;KT7310102
33,Văn hóa - Chính trị - Khoa học Xã hội,389,Lưu trữ học,Lưu trữ học; Chuyên ngành Văn thư - Lưu trữ thuộc ngành Lưu trữ học,7320303;7320303-01-TP-HCM;7320303-01-HàNội;7320303-HàNội;7320303-TP-HCM;QHX11
33,Văn hóa - Chính trị - Khoa học Xã hội,390,Tiếng Việt & Văn hóa Việt Nam,Tiếng Việt và văn hóa Việt Nam; Tiếng Việt & Văn hóa Việt Nam,7220101;7220110
33,Văn hóa - Chính trị - Khoa học Xã hội,391,Hán - Nôm,Hán - Nôm; Hán Nôm,7220104;QHX07
33,Văn hóa - Chính trị - Khoa học Xã hội,392,Nhân học,Nhân học,7310302;QHX13
33,Văn hóa - Chính trị - Khoa học Xã hội,393,Bảo tàng học,Bảo tàng học; Ngành Bảo tàng học,7320305
33,Văn hóa - Chính trị - Khoa học Xã hội,394,Tôn giáo học,Tôn giáo học,7229009;QHX23
33,Văn hóa - Chính trị - Khoa học Xã hội,395,Giới và phát triển,Giới và phát triển,7310399
33,Văn hóa - Chính trị - Khoa học Xã hội,396,Nghiên cứu phát triển,Nghiên cứu phát triển; Nghiên cứu phát triển (dạy bằng tiếng Anh),7310111
33,Văn hóa - Chính trị - Khoa học Xã hội,397,Hoa Kỳ học,Hàn Quốc học; Hàn Quốc; Hoa kỳ học,HQT08-01;HQT08-02;7310640;HQT09
33,Văn hóa - Chính trị - Khoa học Xã hội,398,Quản lý phân tích dữ liệu khoa học trái đất,Quản lý phân tích dữ liệu khoa học trái đất,7440229
34,Khoa học tự nhiên khác,893,Khoa học tự nhiên tích hợp,Khoa học Tự nhiên tích hợp STEM,7440112_KHTN;7440112_ST
34,Khoa học tự nhiên khác,945,Công nghệ Vật lý điện tử và tin học,,7440107
34,Khoa học tự nhiên khác,386,Địa lý học,Địa lý học (chuyên ngành Địa lý du lịch); Địa lý học; Địa lý học (Địa lý du lịch); Địa lý học (chuyên ngành Địa lý du lịch); Địa lý tự nhiên,7310501;QHT10
34,Khoa học tự nhiên khác,387,Vật lý học,"Vật lý học; Vật lý học (Chương trình tăng cường tiếng Anh); Nhóm ngành Vật lý học, Công nghệ Vật lý điện tử và tin học, Công nghệ bán dẫn",7440102;7440102_NN;7440102;QHT03;7440102_DKD
36,Công nghiệp bán dẫn,911,"Công nghệ điện tử, vi mạch và bán dẫn","Công nghệ điện tử, vi mạch và bán dẫn CLC",7510301_20;7510301_VN;7510301_CTBC;7510301VM
36,Công nghiệp bán dẫn,945,Công nghệ Vật lý điện tử và tin học,,7440107
37,Chăm sóc sắc đẹp - Chăm sóc gia đình,941,Hóa học mỹ phẩm,,CH-E20;BIO2;CH-E20_A00
